certificate_sha256	gamma	i	mu_star	glue_free	construction	posted_name	aut_order	girth	discovered_by	graph6
0f4f1943e81d76fdccba128120a20ec5f03821535e0026115405be1a7734c535	16	16	15	True			1	5	sa	q`?G?C??G??@????_???@?????G?????C??????G??????@????????_???????@?????????G??I?_??c?_??OG_??O?P??A?_O?c_???CC??A?CA_???G?_?G?AA??C??`???@?AG?_???@?_@???@?C?_???H??C????_@?G???C?OG????D?C??????G__?????AQ?????
0f6f7a2c056238f2b8423c6c8f629c0f219d262c429f3bb93d79b386158cea4b	16	16	15	True			1	5	sa	q`?G?C??G??@????_???@?????G?????C??????G??????@????????_???????@?????????G?G?GO?GA_?CGC??@??AA?_A??GAAO???O?E???OO?G??O?G?C?CA??A??GC??_??_?A?C??O?G@???O??O_??A?O@????_GG????@?AC????COO?????A?@C?????IC?????
24a23185ac21a2b8cbd86be9d36ec59cab42de7f5ea1080c28dc5bce4b4a5ae4	16	16	15	True			1	5	sa	q`?G?C??G??@????_???@?????G?????C??????G??????@????????_???????@?????????G?GC?O?_AC?@?OG?@??@@?GG?A?A?OA??C??GC?OE????GCG???C?A?_??g???C??_a?????Q??G???O@G????A?S?????_A_?????O?@O????C@?_????AOO??????Gg????
2d0514bf10d56aa637e55c8566ce25612e35c72ae1c308009516d3efd808b5ca	16	16	15	True			2	5	sa	q`?G?C??G??@????_???@?????G?????C??????G??????@????????_???????@?????????G??AAO?BG???O@A??D?_??A?_O??GG?_?@@??O?@G??_?A?OA???_?@?_?W?_???@?_G???D????_?CO??_???G??__???_D?????C?O?G???@??c????A?_A?????GA@????
323640e96c87bf22ce58243b452fd6852e5e2eeb3b93a706bae11dd378e1e5fa	16	16	15	True			1	5	sa	q`?G?C??G??@????_???@?????G?????C??????G??????@????????_???????@?????????G??GAO?G?c??CAG??CO?@??d????g??G?@AC???C??@C?I??G??A??@@??_??@G?A??@G??@O??_??@??@?_??H?A?????_Q?????CC_?????C?_?_???GI??????A??a????
3787b0686ede2ea9c320976a43e4d13bc508d11f2a2c967e6e21ee6948645cff	16	16	15	True			2	5	sa	q`?G?C??G??@????_???@?????G?????C??????G??????@????????_???????@?????????G??A__??aA???OA_?@a????GC_??A??C_@_??A?COO???A_O???AO_????OG?@??AG?C???C?@?G??@A???O??_??_C???_OG????@?GO????@?OG????A??c?????IA?????
444e66e11e85d8c7b97d1dc8535069eacdb46d3a162f799f302a7a43dcb1acfe	16	16	15	True			1	5	sa	q`?G?C??G??@????_???@?????G?????C??????G??????@????????_???????@?????????G??aA??A@@??CCG??CO?C??c??O?K??A??O_?@?@?GO???_?OC??_?GG??C?A?_?@A???C?A@???O?CC?C???A?G?_???G@??_??@O??G???@?@?G????ACC??????GE?????
4515dbf5b28d0c71003ced7468e228c242b2d602e1342c8d28124720da6ff9a3	16	16	15	True			1	5	sa	q`?G?C??G??@????_???@?????G?????C??????G??????@????????_???????@?????????G??GAO??Gc?@W????O?_C?GG?A??_@A??S?C???O?G@??O???c?C_?@???G??O_??_?O?_??OG??G??O?O?O??AP??????___????@A??_???C?@?_???A_O??????GI?????
47bd6f85e799e50bd9d3862d7e6c2a59423f77824b3fe08b6505d7a12ba35bf0	16	16	15	True			1	5	sa	q`?G?C??G??@????_???@?????G?????C??????G??????@????????_???????@?????????G??IA??K?_??C?g??OG?A?G?_G??c??@?C?OC??C??GC?G?@?G?A???CG?_??O_?A??G?C?@??K???@?a?????H?O????Ag??????C_?G????@O?A????A?AG?????G_G????
528bf6876821bd1b5e0234bc68366e4453e361d00cb4e7520815f66f0337afa6	16	16	15	True			1	5	bfs	q`?G?C??G??@????_???@?????G?????C??????G??????@????????_???????@?????????G???_g?A_?O?CAG??D?@??AC_???G@C??@A??O?@?_?_?A?C?@??_??@G?O?@O??@A??@??C??AO??C@??G???_@??_??G?GC????Oo?????@O@??????G@_???????Gc????
5658fcb4e370b8fc40ebdd26fdc460461c907950097c6ac4a6245fd814c95b32	16	16	15	True			2	5	sa	q`?G?C??G??@????_???@?????G?????C??????G??????@????????_???????@?????????G?KC???_@@?@??D??OC?_?GA@??A?C?_?C??A@?O?@O??G?_A??C?_?_??`G?????_G??C?@??Q????OA??_??G_??_???_E?????COC??????O_A?????G?a??????AQ????
5c2393a91429ce474c832ddaae81d85da09f9c407d7648689868d18049cf5493	16	16	15	True			1	5	bfs	q`?G?C??G??@????_???@?????G?????C??????G??????@????????_???????@?????????G?G_A??I?C??O?C_?OGA??G??P?BG????OC??C?PG????O??GA?C_?C???G?C?A??_?a????S??A???C?G?O???_@C????AOC?????O@?G????O_?_????aC??????AG_????
5f7f7b5963fa39ed82e417859d25c020ee4919da04f2d7bd6cddfd2fc19a77e3	16	16	15	True			1	5	sa	q`?G?C??G??@????_???@?????G?????C??????G??????@????????_???????@?????????G??_D??GAA??C?AO?C??H?K???OAGG???D?_???QC????GC??_?CO?G???_?G@???`???G?@??@?G??CA@?????_CG????A?S?????OC?_????R???????IA???????cO????
64d0c482345a96a74434df2f90ab435ab07f1366eb7ad4dd6a3830e7a2564d2f	16	16	15	True			1	5	sa	q`?G?C??G??@????_???@?????G?????C??????G??????@????????_???????@?????????G?G_A??I?C??O?C_?OGA??G??P?BG????OC??C?PG????O??GA?C_?C???G?C?A??_?a????S??A???C?@?O???_@C????A@?@????Q?_?????O_O?????aC??????AG@????
657c65a4b44b5c8c5cf1cec3b6e195032c291e2239db6eeafc1b9f4ad6fc594e	16	16	15	True			3	5	sa	q`?G?C??G??@????_???@?????G?????C??????G??????@????????_???????@?????????G?I?C??G?Q??OCO??OCO??B?C???_@A??@??H??CC?G??B?@???A?Q????O?_?C?A??@?G?C?@??G?@O??G???_?A?O???_C?@???D???O???@?@C?????_?g?????H?O????
6e975402b9bcbd9fffea99c773eff674e52b1e7c8b3d93bb35f89dca75c8f172	16	16	15	True			2	5	sa	q`?G?C??G??@????_???@?????G?????C??????G??????@????????_???????@?????????G?A@?_?A?D??OW???W?_??I?A???oO???C?@?@?C@??A?GA??_?A@???_?_?AC??A??A_??@??g???@?H?????G?@@???A?_?_???C??B????@?A_????A?AA?????GA@????
749c993bd2b7f9c2ead700d3b67643477a6dac9b4007473a4bc1720995279afc	16	16	15	True			1	5	sa	q`?G?C??G??@????_???@?????G?????C??????G??????@????????_???????@?????????G?_?__?_H??@@O???OG?A?H???_G__???S??A??_?@?G?Q?@???@???`??G?AG???GC?@???S??G???CAA?????_AG????A??P????OCG?????OG@?????c?_?????G?`????
7647d48413ad0c8251984acdbc7cfc3c89dd9db663a909b9701a0c6585820737	16	16	15	True			1	5	sa	q`?G?C??G??@????_???@?????G?????C??????G??????@????????_???????@?????????G???s??B??O?D??_?C@?G?A??G_?HA???@??O@?@?_?A?AO??G?A?_??_?OA?G??AO??G??D??@???@???a???G_C????A?AO????C??K????Ca???????a_??????G_@????
85bde7da64d63b105ad5fb03f96043a7fea318ede11269e6adfc00cb7c4b3476	16	16	15	True			6	5	bfs	q`?G?C??G??@????_???@?????G?????C??????G??????@????????_???????@?????????G??_A_?GA?G?O?c??OC?G?A@?O?A??a??D??@??O_??G?G?C?G?C?AC???_@??A??_O?O??@H??????OA?C???G_C?????a?G?????OQ??????P?@?????__@??????Ac????
976484e7fe187089bd1ab9c58f6f6437350cf3a4bfb44fbb753a51c89766ba15	16	16	15	True			1	5	sa	q`?G?C??G??@????_???@?????G?????C??????G??????@????????_???????@?????????G??BG??A?@O@@O???O_A??G?G?GAA??_?C?G?O?O?A?@?G??O@?CG_????_GA????_C?@??@?O??_??OG?C???GG??_???_CC????C?@O????C?o??????_S??????G?c????
e2cd78d090dbf2a5513cada0d01e33fc68beb8f256af2b6557c02904b6967cde	16	16	15	True			1	5	sa	q`?G?C??G??@????_???@?????G?????C??????G??????@????????_???????@?????????G??G@G??_c??@@?GDO????`G???G?I???OCG???_C?@??OO?O??@G??O??GG?@???GC?G???QO?????C?A_????Ga??????_?S????CG?O????@?K?????AG_??????GD????
fce9ad693f0a3d91c4f138a8878a85486cbb2893157219eb304624c3f175f80d	16	16	15	True			1	5	bfs	q`?G?C??G??@????_???@?????G?????C??????G??????@????????_???????@?????????G?G_A??I?C??O?C_?OGA??G??P?BG????OC??C?PG????O??GA?C_?C???G?C?A??_?a????S??A???C?@?O???_@C????AP??????OO_?????OAO?????`?@?????AG@????
fe3b9a986831e1d3cede43e60888c79e53dd6dfe282be4ae08008c0d259826ce	16	16	15	True			2	5	bfs	q`?G?C??G??@????_???@?????G?????C??????G??????@????????_???????@?????????G??aA??A@@??CCG??CO?C??c??O?GO??_@?GO??@??_G?A??__??_?OC??O???D?@?_??G?CB?????CC?C????_C?A???I??@????O?OA????P?C?????ACC??????GE?????
e2b5b77ef5a77998fc236d9f32c4864d20ffd1dab571dc5a23a7c0a9448d0375	16	16	15	False	R6+R6	R6+R6	2	5	gluing	q`?G?C??G??@????_???@?????G?????C??????G??????@????????_???????@?????????G???h????c_??@@O???QG???GI????cO???EG????C_@??IO????AQ????@@O????Ca?????_g?????cO????@a??????Q???A??D????O??PC????????I?@?????Ga?????
f714e4dba2b112fc15627a311a48d7ebf79ef4450b9c68d402d6e839c7c62a9d	16	16	15	False	R7+R7	R7+R7	8	5	gluing	q`?G?C??G??@????_???@?????G?????C??????G??????@????????_???????@?????????G???I_???c_??@O_???QO???GH????cO???EG????C_@??Ag????AQ????@O_????Cc?????_c?????cO????@a??????Q???A??D????O??PC????????I?@?????Ga?????
fe16f47ed6e6e25f3a1cc57c43d54ffce0bf8988af76fe994ff076afaff760d0	16	16	15	False	R6+R7	R6+R7	2	5	gluing	q`?G?C??G??@????_???@?????G?????C??????G??????@????????_???????@?????????G??Aa??_?GO?O?I??PA???G?_?G?g?_??C_??C?CAA???G?GA??A??@G??_?O_??A?_@???@O?_???@?@??_??G?C?C???`??G???@C?C????@C?C?????__O??????IA????
036af5176a97170093d46a853ce18e139717afa40921ee981d89773ba6eab8af	15	16	15	True			1	5	sa	q`?G?C??G??@????_???@?????G?????C??????G??????@????????_???????@?????????G??I?_??c?_??OG_?@?CA?AA??GAA??O?C??GO?W??G??G?OA??CG??A??a?G????cO?????Q??G???C?G@???A?GC????H??_???@S??????@G?@?????G_@?????AQ?????
2101c9a8c8558ea9e214a8090349ae103971dec85e9acf45123b3842f95fb8cd	15	16	15	True			1	5	sa	q`?G?C??G??@????_???@?????G?????C??????G??????@????????_???????@?????????G??AGG??_K??D?O??CC?A??_?OG?HG???@?@?G?CO_???B?_???AG???_?O?A?G?A?A?O??C??@A??@O?G????_?G?O???g??O???COC?????C?@O?????GOA?????Gg?????
2247fc6f36919ecb5c88c9a845a26ad8fcd781ae4802c73425da7a728aa0fd27	15	16	15	True			1	5	sa	q`?G?C??G??@????_???@?????G?????C??????G??????@????????_???????@?????????G?ACO??G?g??S?A??OOO??AC?C?AA??G?D???@?OG@???G?@?@?C??g???_?G?A??c??_??@?C?_???O@??G??G??`????_?OC???C??P????CB??????A?@G????A?_C????
253608065786646fe7ba3cac1d76905ae0e874d2198a28143032d720be414e83	15	16	15	True			1	5	sa	q`?G?C??G??@????_???@?????G?????C??????G??????@????????_???????@?????????G??GGO?A??o?CA?_?C_?_??_@A??g??_?@_G???C?GA??I?A???BC?????_?@C??A??P???@A??O???OGA????GG??C???G_G????@?OC????@G?C?????ACO??????_D????
315862726e8fa70a5dec50116e447c447042d57dce3dbe6e8eb47e53906343a7	15	16	15	True			1	5	bfs	q`?G?C??G??@????_???@?????G?????C??????G??????@????????_???????@?????????G??AGG??_K??D?O??CC?A??_?OG?HG???@?@G??CO_???B?_???A???B??P???C?A?A?O??C??P???@O?G????_?G?O???g??O???COC?????C?@O?????GOA?????G_G????
32890af66847993ea0eafbcdcdbf8c036a2cd67222b76b88d5404200f1e214e6	15	16	15	True			2	5	bfs	q`?G?C??G??@????_???@?????G?????C??????G??????@????????_???????@?????????G??AOO??_g??@O?O?@OG???H?_??G?G?_?W?_??C?_?_?A??@C?AG??A??W?@???AC?C???C??OA??@??OC???GOA????Ag??????C_??G???@??c????AG?C?????_GA????
337ebfa07c13518c6f2d7402dfc5cadf71b96d1cf21897845cdbb70f2a172640	15	16	15	True			1	5	bfs	q`?G?C??G??@????_???@?????G?????C??????G??????@????????_???????@?????????G??Ao??B??O?CA@??@??c??_G?G?AA?C?CO??C?CG??O?G?H???AGC????`?G???A_?O???@A?G????OC??O??G?G?C???_?P????C?@O????C??S????A?c?????A?H?????
3cb8c480e221ccb38389060976fafc5329a3c3aff5b58085b4f6497c9882cb17	15	16	15	True			1	5	sa	q`?G?C??G??@????_???@?????G?????C??????G??????@????????_???????@?????????G??_B??HA???O?a??OCC??A@C???_O_??C??CA?P???C?J?????C?_??G?_??AO??g?C???@??O?_??CI?????AGA?????G?@@???@??S????@GG??????a?G??????HA????
44d08b0a402a194dba2c9eaa64a618973083088d5bda64abe104edc060996bb7	15	16	15	True			2	5	bfs	q`?G?C??G??@????_???@?????G?????C??????G??????@????????_???????@?????????G?Ao???B?_??CA@??W??G?G_A??AA?O??CG??C?O??@_?G??D??C?@??G?_??GA??`G????@GG?????O?AA???G?OA????_@?G???C?OG????@?_A?????_CA?????_A@????
54ea3005bf756ea7c5b4794f8f63dc76e5fc2983fedf6a7f6f04286dd00fb727	15	16	15	True			1	5	sa	q`?G?C??G??@????_???@?????G?????C??????G??????@????????_???????@?????????G??Ao??B??O?CA@??C@?@??__@??K??G?C@??_?CO??C?G?H???AGC????`?G???A_?O???@??G?_??OC??O??G?G?C???_?P????C?@O????C??S????A?c?????A?H?????
58de1eba63030f040123c8b9a42666a8ccfa4575f491009583ff7ced1c254377	15	16	15	True			1	5	sa	q`?G?C??G??@????_???@?????G?????C??????G??????@????????_???????@?????????G??AAO??_AG?@?a??@?@C??g?O??_??c?@G?A??C?@C??AI????A??c???O_G???A?A??C?C??C?O?@AO?????g??O???A?A?G???CQ??????C@?A?????_O_?????HG?????
59359f5b10987e77423212bf4b2e12565a4ac0a412674c95f4ab84d38ca95f46	15	16	15	True			1	5	sa	q`?G?C??G??@????_???@?????G?????C??????G??????@????????_???????@?????????G???oO?A?C_?C@G??CH???AG?G??H??@?@?O?G?@?_?O?B???C??_?OG??O_C???@?__???D@?????CC?G????_OG????A?C_?????OA?G????OCO??????c@??????GS????
6b7b99d814003c380d3e4b9357a7cfa805030f51c2011492844a4712f14d5b54	15	16	15	True			1	5	sa	q`?G?C??G??@????_???@?????G?????C??????G??????@????????_???????@?????????G??`?G?I_???E?C??C?D??A??AO?GC??_@?O?_?@A?G??AA?@???`?G???Q???A?@A?_???CO??C??CC??A???_?@?O??G?@?G???@?O?_???@?Q??????_a??????AOG????
73f6016c97515a35363cbdeb8ec75d355dde32b50fdf3b5036d5b132de8cd2f0	15	16	15	True			1	5	sa	q`?G?C??G??@????_???@?????G?????C??????G??????@????????_???????@?????????G???h???IC??@O_??C@?O?H??A??_?OO?C@??A?EA????GG?@??A??O?_?_D????A?GG???@A???O?@?@??_??G?A?C???_OC????CC?O????C?G?_????c@??????GGG????
7dd69421138f15f676066de602de6f925b1009c62a9fc866163211f667d393de	15	16	15	True			1	5	sa	q`?G?C??G??@????_???@?????G?????C??????G??????@????????_???????@?????????G???aG??G?o?OG?_?OOG??I??_??o??_?C@?_??CAG???G?_@??A?O_???_?C_??AA?@???@???K??@?@?O???GOC????A?A?C???@A??G???C??D?????_O_?????_GO????
807aa60885faf3b6843d6631a6e0f4ee8ad4df8bc007cdb4bb6562f4c2473964	15	16	15	True			1	5	sa	q`?G?C??G??@????_???@?????G?????C??????G??????@????????_???????@?????????G?A@?O?A?@G?CA?O?C?C_??_GA??K?_??@?_G??C??Q??A?_?_?AA?O???O_C???AC??O??CO???O?@??AC???_?O?C??A?_?G???D@??????@??a????A?a??????I?O????
8c4f1cb53e08daea5d03f29bd9b390c76dbdcf9fa6b83f1986ac1d40a879b503	15	16	15	True			1	5	bfs	q`?G?C??G??@????_???@?????G?????C??????G??????@????????_???????@?????????G??aA???_OO?EA???C?GG?A?OG??_GC??CQ????C?GO??G??__?A?G?_??_C?C??AC_????@???AG?@?@??O??G@??O??AG??G???COC?????O@?O?????`?C??????A`????
8fdb48ca28a1b46c591f9219dc007931a08855e0172f6df0dbbed7d79b31da47	15	16	15	True			1	5	sa	q`?G?C??G??@????_???@?????G?????C??????G??????@????????_???????@?????????G??AI???G?o??O?S??P?G??A@O??GOO??@?E???@?GC??AA_????`??@??OO?@??@AG????C?o????D???C???_?A@???A??C@???O?O?O???O_?O????GGG??????_Q?????
8fdcb2f722e151bfcbb1a5af9749dc9e76963727ba33b3d3d417f78c583060bf	15	16	15	True			1	5	sa	q`?G?C??G??@????_???@?????G?????C??????G??????@????????_???????@?????????G??HG???s???QC???Q?@??GI????`??C?C?CC??C?G_??GA??A?A@???O?_O?A??AA???G?@?G?C??@?C?A???G@?@???A???g???C???g???C?@?_????GS??????AW?????
92f575eca021839e47335f1e099b7244946f33f624f6be9ebfba1a914f5e869f	15	16	15	True			1	5	bfs	q`?G?C??G??@????_???@?????G?????C??????G??????@????????_???????@?????????G?A_O?A?GG?CO??_@???c?_H???G???H?S?C???_???S?O?@?C?@?GA???G??G@??HO?????SC?????CA?G????aC?????GA?_????OA_????@CC???????c@??????aA????
9b4f04a1954f30973a2c635884725965ee13d4ec68c5aed13e6d83a6c3be03b1	15	16	15	True			1	5	bfs	q`?G?C??G??@????_???@?????G?????C??????G??????@????????_???????@?????????G???cG?A?P??EG???CCG??A?B???_??G_C?C?A?CO??C?GAC???A@?G???_?`???A??_C??@G???O?@??CC???G?@O???A??_O???CI??????P??A????G?@G????AAA?????
a4ecffa359882612b2d1007ab328cec011f07a245a7ad5b3caa0da5ed3d51217	15	16	15	True			1	5	sa	q`?G?C??G??@????_???@?????G?????C??????G??????@????????_???????@?????????G??_A_?GA?G?O?c??OC?G?A@?O?A??A_?D??G??O_??G?G?C?G?C?AC???_@??A??_O?O??@H??????OA?C???G_C?????a@??????OQ??????P?@?????__@??????Ac????
a632983a5b8645d2447861c793eb040ba4f863c948cf319960d55029c1f91234	15	16	15	True			1	5	sa	q`?G?C??G??@????_???@?????G?????C??????G??????@????????_???????@?????????G?A_O?A?GG?CO??_C?C?_?_H???G_??G?OGA???_???S?O?@?C?@?GA???G??G@??HO?????SC?????CA?G????aC?????A?S?????P@???????Q?_?????aA???????e????
ae21571c6ebbda6080f3f8b4548b6f286d457fe6644750b302929d1ec72dc87b	15	16	15	True			2	5	bfs	q`?G?C??G??@????_???@?????G?????C??????G??????@????????_???????@?????????G?A_O?A?GG?CO??_C?C?_?_H???G_??G?OGA???_???S?O?@?C?@?GA???G??_@??HO?????SC?????CA?G????aC?????A?S?????O@?G????CQ???????IA???????e????
afba7b71e42b7f5713369f4275cbcc31233d545199818085895c58de1bd7aff7	15	16	15	True			1	5	bfs	q`?G?C??G??@????_???@?????G?????C??????G??????@????????_???????@?????????G??o?O??_Q??EA???C?GG?A??S??_GC??CQ????C?GO??G??__?A?G?_??_C?C??AC_????@???AG?@?@??O??G@??O??AG??G???C?AC????P?O??????`?C?????A@@????
b17a96f79581044c7a480fca8211debe653e1397e648aeac6e10ee9053695b3b	15	16	15	True			1	5	sa	q`?G?C??G??@????_???@?????G?????C??????G??????@????????_???????@?????????G??_Q???_CO?EA???C?GG?A?OG??_GC??CQ????C?GO??G??__?A?G?_??_C?C??AC_????@???AG?@?@??O??G@??O??AG??G???COC?????O@G??????`?C??????A`????
bc01a9a9c464a9ca01f5ef8b5d4067a2fe387f14b6cc00bb2c0730089fc7e7fe	15	16	15	True			1	5	bfs	q`?G?C??G??@????_???@?????G?????C??????G??????@????????_???????@?????????G??GGG??g?O??OH??@__???_@@??G@?_?@?OG??CQ????A?CG??A?G?_??O??A_?A?O?O??CH?????@???AG??_?_?G??A?O?C???P??@????P?O?????_AO??????_?c????
bc53303b7513f7530b544666c70f1ab74af244f15e8920cfaec866053856bcf8	15	16	15	True			1	5	bfs	q`?G?C??G??@????_???@?????G?????C??????G??????@????????_???????@?????????G?Ao???B?_??CA@??O@?G?G_A???o_???CC?_??CW????G???o?A??@O??_?G?@?A???_G?@??G?_?@??OG???G?@@???A?C?_???CO?@????D??A?????_CA?????_A@????
c1b93dae13d7c3e8f384480f5eb7876e6fb46ea932e84294daf546804c8799e9	15	16	15	True			1	5	sa	q`?G?C??G??@????_???@?????G?????C??????G??????@????????_???????@?????????G?B?O??G?a??C?A_?OA?A?G?K???a?G??C?C@??C?g???GG??A?A?O?@??_A?C??A???AC?@?C??_?@??@?O??GOC????A_?O????C?S?????CA@?????GO@???????GP????
c540402b72ffc9ed2ef6e8b37e1b71124261c24c4c858f075a817c57851c0dcb	15	16	15	True			1	5	sa	q`?G?C??G??@????_???@?????G?????C??????G??????@????????_???????@?????????G???KO??A__?@@_??@??H?B?O???aA???COG???C_?A??G_?_??AO?_???aC????A?_C???@?G??O?@?C?O???A?G@????A?CG????QC??????OCO?????G@O??????_D????
cbcc6a97583956952c6c75402e359c4e9b2c461a19702308be5f315bc6efa288	15	16	15	True			1	5	sa	q`?G?C??G??@????_???@?????G?????C??????G??????@????????_???????@?????????G??_?g?A?c??@@@??C?W???gC???_C?_?C__???CH????G?A?@?AA??@??_?@A??AD?????@C???O?@???@G??G?CC???AGA??????OCA????@?CO?????aC??????GAC????
cc91e09674d03eff2193a66d2c516a39784d71d5b536d57bfb449fb16f649b76	15	16	15	True			1	5	sa	q`?G?C??G??@????_???@?????G?????C??????G??????@????????_???????@?????????G??IG??B??_@??W?@@C???G@?@?AA@???C??_@?OO?@??GO??G?C?_??O?g???@??_G?_???OA?@???OG??_??A??Q????GAO????@?C?O???@A_??????_G_?????_AO????
cd64a789aa542593663460fc9bc20db74b2c5fdc8eb07850a39ed8a0ecb8e41e	15	16	15	True			1	5	bfs	q`?G?C??G??@????_???@?????G?????C??????G??????@????????_???????@?????????G?Ao???B?_??CA@??W??G?G?a??AA?O??CG??C?P??@??G??D??C?@??G?_??GA??`?C???@??OG???O?AA???GO?A????`??_???CO?@????@?_A?????_CA?????_A@????
d154ed55f01fb24d7bacd205eae82fdef86aaef994a4cc52cd4a105698e9ffaf	15	16	15	True			4	5	bfs	q`?G?C??G??@????_???@?????G?????C??????G??????@????????_???????@?????????G??Ao??B??O?CA@??C@?@??__@??K??_?C@??_?CO??C?G?H???AGC????`?G???A_?O???@??G?_??OC??O??G?G?C???_?P????CO@?????C??S????A?c???????IO????
d1b3dd7cfca4b067977f2e02d85475696f11a658d178421189872aa28d75bf9b	15	16	15	True			1	5	sa	q`?G?C??G??@????_???@?????G?????C??????G??????@????????_???????@?????????G?I_???_?GG@?_?O?O??g?HO???GA??@?S???@?_??@A?Q??@??@G?A???G??a???G?D????OAO????C??c???A?G_????H?G?????OK??????O?K?????c?C?????GCO????
d4bc0fb918a5b800b10533ec7c591722cd904d7d918509607f05c2e16eaa125a	15	16	15	True			1	5	sa	q`?G?C??G??@????_???@?????G?????C??????G??????@????????_???????@?????????G??aG??_?__?OC_??OS???A@??O?_?_C?@G??C?C??`??G?_?G?A?C?C??c?A???AGC????@???`??@??P????G_A?????_?OA???CA?O????@??G_???A_A??????G?`????
e3023fafa7b2875f4d282cee6434065991dcc2744c651d790561e1a7c8e19fae	15	16	15	True			1	5	sa	q`?G?C??G??@????_???@?????G?????C??????G??????@????????_???????@?????????G?Ao???B?_??CA@??W??G?G_A???o_???CC?_??CG??C?G???o?A??@O??_?G?@?A???_G?@A?G???@??OG???G?@@???A?C?_???CO?@????@?_A?????_CA?????_A@????
f45017569c91c6fa856118925da75a71700970e17957f507c64886c7c1db617c	15	16	15	True			1	5	sa	q`?G?C??G??@????_???@?????G?????C??????G??????@????????_???????@?????????G???gO??_o???P_???WA???G?AG??`?A?@C@???@???g?A?GC???_CC???OA??@?@???AO?C@?G???C?OO????_??@G??GO?_????Q??G???@Q???????g??G?????gO?????
670347d180f3661eccf484dde569cd7fab7767047cbc6d45c687ce21da01c705	15	16	15	False	R3+R7	R3+R7	8	5	gluing	q`?G?C??G??@????_???@?????G?????C??????G??????@????????_???????@?????????G???I_???c_??@O_???QO???GH????cO???EG????C_@??Gg????Gc????@`?????OH????B?O????A@C????AO_?????g???A???Q_?????@O??@?????I?@?????Ga?????
6fd1e874d039ea8d0066c648f99d94186c0c1925f8d3c2fdb946dbe7ad9d0a46	15	16	15	False	R3+R6	R3+R6	4	5	gluing	q`?G?C??G??@????_???@?????G?????C??????G??????@????????_???????@?????????G???h????c_??@@O???QG???GI????cO???EG????C_@??Gg????Gc????@`?????OH????B?O????A@C????AO_?????g???A???Q_?????@O??@?????I?@?????Ga?????
011be2fc0b709b073ca315e8c0d929f14cdbfa4486e23f597667dfcfb5126dea	15	15	15	True			2	5	bfs	q`?G?C??G??@????_???@?????G?????C??????G??????@????????_???????@?????????G??_`??GAA??C?AO?C??H?K???OAGG???D?_???QC????GC??_?CO?G???_?G@???`???G?@??@?G??CA@?????_CG????A?S?????OCC?????R???????IA???????_S????
0b4af8bfdce827e1e5e3172c8d987d84925e04e1b7b7018bdd221a9a6fd941a9	15	15	15	True			2	5	sa	q`?G?C??G??@????_???@?????G?????C??????G??????@????????_???????@?????????G?AGC??__?O@CA??@C??@?h????B??A??O?@?O?O?A?A?O?G?_?C???Q??GO?O???aC?????O???g??COA?????_?_O???A?c?????C_@?????S?_?????GA_?????AGG????
0cfba96dd118f2ee5929295597147051f0b37b1abf0b87f2e3a30e39f6efaa31	15	15	15	True			2	5	sa	q`?G?C??G??@????_???@?????G?????C??????G??????@????????_???????@?????????G???c_??B?_??@G_?@H???A?_G??G?@G?@?A?@?D???A?B?O???A?_?G??OI????A_???G?C?C??G?@@@?????G@G?????`C?????C_?A????@G_???????cG??????g_????
0e61e379ac294a591acbaae6365a10f3135012cd32a070db0d0fbe99fbc1943b	15	15	15	True			1	5	sa	q`?G?C??G??@????_???@?????G?????C??????G??????@????????_???????@?????????G?_?GGAC??_@??A_@?O?C?GO_??GA??@?S???@?_??@A?Q??@??@?GA???G??a???G?D????OAO????C??c???A?__????G@_????@G_?????@@C??????_CO?????G?W????
103072d5f53a6045574bdd893102850672e0a1fc1954405b594c448b22c4bdec	15	15	15	True			2	5	bfs	q`?G?C??G??@????_???@?????G?????C??????G??????@????????_???????@?????????G?A@?O?A?@G?C@C??@?_C??_?c??A?_G??W@???@?_G??A??H???_O?G??OOA???@A?O???CG??_??CO???O??_?O?C??G???c???OC?@????SC??????A?a??????I?O????
16f43ec92f198decb8cd3cc20cb7571151e1eba133473b54058c1b8f175fdbcf	15	15	15	True			1	5	sa	q`?G?C??G??@????_???@?????G?????C??????G??????@????????_???????@?????????G?I??_?`?_?@O?_??W??_?G??GG?_??D?C?AO??S??_??K?A???C??o???_A?_???_@?@???OGG????P??A???A??Q????_GG?????OI??????O?`?????_AC??????AH????
19ff649e76c1859a2ade732a3b7e02e5f88215397bde46c6da079352a8868559	15	15	15	True			2	5	sa	q`?G?C??G??@????_???@?????G?????C??????G??????@????????_???????@?????????G??_o??AA?_?CCC??@AC???_`???GG?C?@??_O?CA?@??A?C?@?AG???G?W???_?A@A????C??CC??@???AO??GO_????AA??@???C?A@????OO?A????G@A?????GAG?????
1b137b423a2da4cd8d33a4e58aba7d9da45b1e3a00fa58b6ba74c09b17cd5949	15	15	15	True			2	5	sa	q`?G?C??G??@????_???@?????G?????C??????G??????@????????_???????@?????????G?H?C??G@?_?OOC??C?AG?I???OA?O_??C?AG??P???@?H??A??C???AG?_??C_??_@G???@?S?????Q??A???A?`?????_?`????@?a?????C?OC????AP????????AE????
1b6db0a1e55f094a06ab206d80b98d1f73749db0c2eb21a0ff343961bde0efea	15	15	15	True			2	5	sa	q`?G?C??G??@????_???@?????G?????C??????G??????@????????_???????@?????????G?AH???G?o??C?_O?CC@???o?O??_?A@?C?`???C?A?G?G_???_AO??C??_???P?A@??A??@?AO???@?C?@???H??@????_GO????C?CG????CAG?????I?_??????G?E????
24d557fbe7b2ff19b04ed25ef364fa007e95d8c8a5a9516c9f383f41b642d7ff	15	15	15	True			2	5	sa	q`?G?C??G??@????_???@?????G?????C??????G??????@????????_???????@?????????G??B@???AS??@??S@`????GOO??AA?A??CO??A?OO??_?G@?_??C?A??O?_?__???_OO???@?@?G???OGG????I?G?????G?D????@?_A?????OCA?????GAO??????_H????
2fbb15573e9712dcd3709d1651477e4f3a90bcd1d7c3e78bf779e8d9d825c34d	15	15	15	True			1	5	sa	q`?G?C??G??@????_???@?????G?????C??????G??????@????????_???????@?????????G???_g?A_?O?CAG??D?@??AC?_??G@C??@A??O?@?_?_?A?C?@??_??@G?O?@O??@A??@??C??AO??C@??G???_?O?_??G?W?????Oo?????@O@??????G@_???????Gc????
38969188b68d09fbd9f4b3c934cde2a691ee6ffc2a9255de6045e3e97f9be8c3	15	15	15	True			2	5	bfs	q`?G?C??G??@????_???@?????G?????C??????G??????@????????_???????@?????????G?I??_?`?_?@O?_??W??_?G??GG?_??D?C?AO??S??_??K?A???C??o???_A?_???_@?@???OGG????O@?A???A_?O????_?G_????OI??????O?`?????_AC??????AH????
39a10510abeb270f1e4f0bccaaaabc4800272f041b1e777560a587008bb66b8d	15	15	15	True			1	5	bfs	q`?G?C??G??@????_???@?????G?????C??????G??????@????????_???????@?????????G?A_A??_?G_C??OG@??W??_??_GAG?C??O?@_??W???@?OAO???C@?G???G@??_??H???G??S?A????CGC?????_G?O???AO?G????O?S?????R???????G@G?????GAO????
44d84d57ddf0125b143506a67ceea458037c47937fe2da5babe3a5385e7c0e00	15	15	15	True			1	5	sa	q`?G?C??G??@????_???@?????G?????C??????G??????@????????_???????@?????????G??gA??AO?O?@??c?@?_C??`?A??K?_???OAC??@?_G??A??H???_G?G??OC??_?@A?O???CG??_??C???CO??g?@????G??G@???OC?@????SC??????A?@C????A?a?????
470afd6a6e2143c820f8cdfde6cebd4afe3bd8e9e6c7ad23c3e65597adf082ea	15	15	15	True			2	5	sa	q`?G?C??G??@????_???@?????G?????C??????G??????@????????_???????@?????????G???Gg?G?a??O?C_?COA??I?C???_OG??C?_A??C?A?A?G??G@?A@???G?_?O?C?A?_??_?@??c???@O?O????H?C?????_D?????CG@?????@C?G????A?G_?????GC_????
4c1bca79b124585879b830e0435c20d154eba5a4fa3c431292a2492bd0c9b33e	15	15	15	True			2	5	bfs	q`?G?C??G??@????_???@?????G?????C??????G??????@????????_???????@?????????G??GAG?A@O??CC?G?@A@??A??K??GOG??@C?_??@_?O??A?GA???_C?@??W??A??@A??A??D???_??C??@@???G?O?O??ACG?????@?c?????CC?A????A??Q????AA?@????
554c674f6dbf14de1f8fd7d2658037e3abb878447b8f660b3974091761ab44ea	15	15	15	True			2	5	bfs	q`?G?C??G??@????_???@?????G?????C??????G??????@????????_???????@?????????G?A?a??AGC??W_???T????AO_???_??a?@???H?C_C???AC?O??B??C???Q??O??A??C?C?CO??A??@??OC???AC_?????GAO?????C?GO????OB???????IC??????GI????
57ef4aff635ee6491b466d5418755945bc4994743ad26dbe0dda5013fad4a76f	15	15	15	True			2	5	bfs	q`?G?C??G??@????_???@?????G?????C??????G??????@????????_???????@?????????G?B??_?g?O?@?_?_@??GA?k????A?O_??O??CC?OOC???O??G@?C?A_???G???P??_?CA???O_?G???OO?O???A??O_???H?G????@O?G?????OOG?????AO@?????A__????
5a40d61f50492191799ec29bb92fec84a010ec29a65d0ed29de4ce89aadf9a46	15	15	15	True			2	5	sa	q`?G?C??G??@????_???@?????G?????C??????G??????@????????_???????@?????????G???KO??a?_?O?@G?C?C@?KG????`@???C?O_??C?_A??GGG???A?OG???_??O_?A_?A???@A??O???OGG????I?G?????G??W???@@?_?????Q?_?????GGC??????GH????
5b57640f0aac4cd2fe34705a5b655bb610654d98f1f6c14f5af74721e607fc21	15	15	15	True			1	5	bfs	q`?G?C??G??@????_???@?????G?????C??????G??????@????????_???????@?????????G?A_O?A?GG?C@?C?@C_???_?_C?A?c???O_??O?OGA???O???I?C??O@??G@?O???_??_C??Q_?????S??@????aC?????A?S?????P@???????Q?_?????aA???????e????
5f8e7533c5c74e9133bc3cca924a90f3aa8222f9645ff6f33bcb6f43628022d2	15	15	15	True			2	5	sa	q`?G?C??G??@????_???@?????G?????C??????G??????@????????_???????@?????????G??o@??GA?_@??P??S??_?K_????_?@G?C?@_??C@C???G?G??_A?@??O?_?O?G?A?A??G?@@?G???@??@G???I??O???A??I????@O?C????@?G_?????g?@?????A_C????
6406884475d8a314c815c909eaa95bec0ab77c397cbefeb16d405de1bd7ee81a	15	15	15	True			1	5	sa	q`?G?C??G??@????_???@?????G?????C??????G??????@????????_???????@?????????G??`?G?I?A?@C??C?Og???G??c??_?C@?CC?A??CG@???G?AA??AO???O?a???_?A?A?@??@??G@??@?_??_??A?_C????_AO????@??O_???@GG?????A?`??????A_G????
654eb8bd20a45302e0bd5824331da469cddde80980f58693e45d0a4aaafe756f	15	15	15	True			2	5	bfs	q`?G?C??G??@????_???@?????G?????C??????G??????@????????_???????@?????????G??IA??K?_??C?g??OG?A?G?_G??c??@?C?OC??C??GC?G?@?G?A???CG?_?@?_?A??H???@?a????@??C?G??H?O????Ag??????C_?G????@O?A????A?AG?????G_G????
6c7c322b7344e32da974b99fb0ce34c517e0235350c8818bd8ff9cdec18930f5	15	15	15	True			2	5	bfs	q`?G?C??G??@????_???@?????G?????C??????G??????@????????_???????@?????????G???gO?AGC??@?H??EG???Ag????HA???@??@C?@???H?AOA????`?C???W??_??@G?@???C??G?G?CO??A???_?GA????`G?????@?Q??????OB??????_GC??????GI????
6ed741b30bb6efe249e03821d0b59fd0e48e10a1281b8a8d4151a8a38d3a925d	15	15	15	True			1	5	sa	q`?G?C??G??@????_???@?????G?????C??????G??????@????????_???????@?????????G?A_?_?A?P?@?CC?@C??_?H?O??A?c???O???Q?S?C???OA??C?C?C?A??G@?O???_??_C??Q?O????S??G???A_C?????A?S?????P@??????O@O??????_E??????c@????
788de3756d86d047486ed3bb095523fc8e179e704177d2b3c6f1f70c999e60d3	15	15	15	True			2	5	sa	q`?G?C??G??@????_???@?????G?????C??????G??????@????????_???????@?????????G?B??_?g?O?@?OO??OG?G?G?@?OA_A???C?`???O??CC?GO??C?C??A?O?__O????_??@C?@??GC???O_?G???GG?G????H?G????@O?G?????OOG?????AO@?????A__????
83bd1ef1bf1863b4c24c05a8050ea5334a851649e73dcb91e4193a9488f4fd1f	15	15	15	True			2	5	bfs	q`?G?C??G??@????_???@?????G?????C??????G??????@????????_???????@?????????G???BG??GCG@S????QC???G??G_?_GA??CG?_??CAG???L?????A@?A???_?P???AG??@??@??S????CH?????AOO??????_@A????C?o?????@GO??????IC??????GI????
86a637cce838d624369123711930871b34983c2f25c52d647ab2dc85bce5afae	15	15	15	True			1	5	bfs	q`?G?C??G??@????_???@?????G?????C??????G??????@????????_???????@?????????G?A_A??_?G_@??_C@??W??_??_GA_??@?O?@_??W??C??OAO???C@?G???G@??_??H???G??S?A????CGC?????_G?O???AO?G????O?S?????R???????G@G?????GAO????
873c2204e068de8ed73967f51597ce2d27a6d872805f1a993074f941a9a7b33b	15	15	15	True			2	5	sa	q`?G?C??G??@????_???@?????G?????C??????G??????@????????_???????@?????????G??Ag???IO???Cc???EG???_c???A??P??O??S??OG?G??oC????_I????CG_???@_C????A?C??G?CO??@??A???AO??H??_????S??A????D??@????AO?@?????AE?????
886fa048a32cc7fa7aae5dc7b4c9be81e081f69c817248c78077f1d01a0e559c	15	15	15	True			2	5	bfs	q`?G?C??G??@????_???@?????G?????C??????G??????@????????_???????@?????????G??GAG?A@O??CC?G?O?@_?AGO???a?O??@_?O??C?OC??A?O?C?B???O??OG?@??A_??O??C??@@???O?a????GO_?????_C_????@@??_???@??H????AA?@?????_?c????
8b7235c1364a191bb911e89ee92cf5d96fa288778a229885906b56b69f6fb3ae	15	15	15	True			2	5	bfs	q`?G?C??G??@????_???@?????G?????C??????G??????@????????_???????@?????????G??IA??K?_??C?__?OG?A?G?_G??c??@?C?OC??C?G_??G?@?G?A???CG?_??O_?A??G?C?@??K???@?a?????H?O????Ag??????C_?G????@O?A????A?AG??????IC????
8e1faf0993a4483a78cec492b5b6cd8198cec4af20e44c72012218bd60b6e220	15	15	15	True			1	5	bfs	q`?G?C??G??@????_???@?????G?????C??????G??????@????????_???????@?????????G??aA??A@@??CCG??CO?C??c??O?GO??_@?GO??@??_G?A??__??_?OC??OW????@A???C?C?O@???C??C?_??_C?A???I??@????O?OA????S??@????ACC??????GE?????
9152dea43dcf6271f405a3bf5769a939a8fb436ae23e9719946b28b7e4e654af	15	15	15	True			2	5	bfs	q`?G?C??G??@????_???@?????G?????C??????G??????@????????_???????@?????????G??Ao??B??O?OC?C?CC?G?B??A?A?_?O?CO??C?O?Q???G_O???CG@????g?C????_?C?O??OC??O??O?O?G??A?@C????`??O???@??D????@?Q?????A?I???????h?????
977de2bb3123d3e632339c26a39b4fa92f73ffb50997945acbdc8d3d776c7994	15	15	15	True			1	5	sa	q`?G?C??G??@????_???@?????G?????C??????G??????@????????_???????@?????????G?I?C??_?H?@?O?G?OG?C?__?O?Ac????O@C???O_??O?O??GA?C??CA??H??O???_?a????P??G???O??P???A??_G???A@?@????Q?_?????O_O?????aC??????AG@????
a772d055f49ebcfeb7f02ad587cf41e6ef547534b766c46be876056835c5e4e1	15	15	15	True			2	5	bfs	q`?G?C??G??@????_???@?????G?????C??????G??????@????????_???????@?????????G??AOO??_g??@O?O?@OG???H?_??G?G?_?W?_??CC??G?A_O???A??GC??P???O?A_?C???C??OA??@??OC???GOA????A?_G????D???O???O?@?_???A?@G????AG?C????
a9df805cea86f1d90996370f31a80f1ad034b38bec79bef5e355f7bcc5e5958c	15	15	15	True			2	5	sa	q`?G?C??G??@????_???@?????G?????C??????G??????@????????_???????@?????????G??GAO??_CO?@AO???OH??q????AQ????P@????OAA???Og????CD?????GC??@??_?H????PG??????O_?G???A?C_????_E?????@I??????C?Q??????_S??????IG????
ab28e2ca18187a9204757f9e63f8138288d613cfa344bd2c30794554a4ab42ca	15	15	15	True			2	5	bfs	q`?G?C??G??@????_???@?????G?????C??????G??????@????????_???????@?????????G??GB???GCG@S????QC???G??G_?_GA??CG?_??CAG???K??O??AO?A???_?O?_?AG??@??@??O?G??CH?????AOO?????GAO?????C?GO????OB???????IC??????GI????
b289dc9537db1865dec9405470a6d3cb09fdf31a3b083a82326ca6bb11855818	15	15	15	True			2	5	bfs	q`?G?C??G??@????_???@?????G?????C??????G??????@????????_???????@?????????G?A?H??AB???C?GC?CH???A??OO?G??S?@?_?O?@?A?C?A???a??o??A??W?C???@?__???C?__???C@?G????g?G?????`?C????C?C?O???@?I?????A?_@?????_G_????
b582ff2d39fea48beaf10f152285bcbde515c131c1518ac070c75fc473c8e703	15	15	15	True			1	5	bfs	q`?G?C??G??@????_???@?????G?????C??????G??????@????????_???????@?????????G?A_A??G?c??O?CO?O?G@?g?@??G??o??S??C??_C_???OC?_??@??A?G?H???A??H???G??S?A????CGC?????_G?O???AO?G????O?S?????R???????G@G?????GAO????
b69cea4ebfa40228d3281c4a0d1be85e90c3afe07438545d717a5dc820786414	15	15	15	True			1	5	sa	q`?G?C??G??@????_???@?????G?????C??????G??????@????????_???????@?????????G???BG?A?D??O@?C?OA@??GG?G?A?AA??O?@G??O?CA??Q??C??DG?????GO??A??GCA????P???_??C??AO??AO?A????G_O?????Q??_???@OO??????HC??????IA?????
ba73245a51d49067ffba6ff486158028c787dd2e9584153a2fd482cf01be28de	15	15	15	True			2	5	sa	q`?G?C??G??@????_???@?????G?????C??????G??????@????????_???????@?????????G??Gc??AH???@GA??P??O?AO??_?__@??@C?@??C?C@??AO??A?AC_????OG?O??A??@?C?D????O?@??c????G??@_??A?_G????@@??O???@?@C?????aC??????G_@????
ce36b3a061da90a8299dac719508f18d1f790f4a23f819e499f1a6726c2482cf	15	15	15	True			2	5	bfs	q`?G?C??G??@????_???@?????G?????C??????G??????@????????_???????@?????????G??`?G?I_???E?C??C?D???_AO??G??H??OG?@?@?O?_??`?C???`?G???C?A?C?@G???G?AC@????CO??C??AA??@???G??OC??@??G@????C@?C????A?c??????_a?????
ce74e52177fa3a8c632a2c3165485e02791ae8efab2b9214e13a3e7a4dd6b1f3	15	15	15	True			1	5	sa	q`?G?C??G??@????_???@?????G?????C??????G??????@????????_???????@?????????G??_@G?A??g?OCC??C?AO?A?@A??o_???@AA???C?GC??A??OO?A???_O?O??G_?A??@?_?C?A??O?@A??G???_?_G???A_A?????PG??????D?_??????_OC?????c_?????
d2b27d3948c0edf612c01d3a1b3613c57be0bf5725e23a7957ac09ecf358fe9b	15	15	15	True			2	5	bfs	q`?G?C??G??@????_???@?????G?????C??????G??????@????????_???????@?????????G?A_?_?A?P??O?E??O@@??K?G???c@???C@G???O???Q?I?A???C?_?@??_?_?O??_C@???@??@?G??Q?O????I_??????A?S?????P@??????O@O??????_E??????c@????
d2e50bee7da508f577a96a7c442e3735ee5fb159ff211da8f65d58c28d03cf7f	15	15	15	True			1	5	sa	q`?G?C??G??@????_???@?????G?????C??????G??????@????????_???????@?????????G?Gc???o_???O_G??O_?O?GA??_?o?G??C???W?CO??_?GO???_A???O_?_?@C??A???_C?@?A?@??@?C?C???GC@????AA?@????@?G?O???C@A??????G`??????AGA????
dd489a12e2789c27640e23afbd2a41e6257262df0a1a85d3d7d06ada4e313165	15	15	15	True			2	5	bfs	q`?G?C??G??@????_???@?????G?????C??????G??????@????????_???????@?????????G?B?O??G?a??C?A_?OA?A?G?K???a?G??C?CA??C?g???GG??A?A?O?@??_A?C??A???AC?@@???_?@??@?O??GOC????A_?O????C?S?????CG?_?????c@???????GP????
e42ac1135abdceb695cc9300fd4be620cfbd1ffda402fa15354530d10b3e64dc	15	15	15	True			2	5	sa	q`?G?C??G??@????_???@?????G?????C??????G??????@????????_???????@?????????G??IO??B??G?OW???O?OG?G_?G??c??A?CO?_??C`????G?G?@?A?CO???_?_?@?A??_?G?@?G?_??@??D????G?CC???A?C?C???C?@A????C??S????A?CO????A?A_????
e47508dbf7901dbfb6ce0940110ce8f804dda91909ba1d7d6a688d7529e15088	15	15	15	True			1	5	bfs	q`?G?C??G??@????_???@?????G?????C??????G??????@????????_???????@?????????G?Ao???B?_??CA@??C?_C?G_A???o_???CO??G?CG??C?G???o?A??@O??_?G?@?A???_G?@A?G???@??OG???G?@@???A?C?_???CO?@????D?_??????_CA?????_A@????
e47b9217b2cca842616d1f7d28e4249f1b8ce8188bf543609bf47cb7a8bb7960	15	15	15	True			2	5	sa	q`?G?C??G??@????_???@?????G?????C??????G??????@????????_???????@?????????G???BG??GCG@S????QC???G??G_?_GA??CG?_??CAG???K??O??AO?A???_?P???AG??@??@??OC???CH?????AOO?????GAO?????C?GO????OB???????IC??????GI????
eb8e8d67d7fd205d7a4e71508624d673eced4381615826fd1e1dbe5a44f8671b	15	15	15	True			2	5	bfs	q`?G?C??G??@????_???@?????G?????C??????G??????@????????_???????@?????????G?Gc???o_???O_G??O_?O?I???_?o?G??C?O?O?C???g?GO???_A???O_?_?@C??A???_C?@?A?@??@?C?C???GC@????AA?@????@?G?O???C@A??????G`??????AGA????
f0f524d02f1ff993f6a7f0bae41c2805905b807efd20f04e04808e00ffcc8334	15	15	15	True			1	5	sa	q`?G?C??G??@????_???@?????G?????C??????G??????@????????_???????@?????????G?A?H??AB???C?GC?CH???A??OO?G??S?@?_?O?@?A?C?A???a??o??A??W?C???@?__???C??g???D@??????GOG?????`?C????C?C?O???@?I?????A?_@?????_G_????
f28a119ec3ebd80260724327fa90f3796faae32083ea986e01382c6a9e9d2334	15	15	15	True			2	5	bfs	q`?G?C??G??@????_???@?????G?????C??????G??????@????????_???????@?????????G?B?O??G?a??C?A_?S??A?G?K???a?G??C?C@??C?g???GG??A?A?O?@??_A?C??A???AC?@?C??_?@??@?O??I?C????A?AO????C?S?????CA@?????GO@???????GP????
f3b8322a5c1b3a15109384bcbaa878d91ee194b60023070b65c05026c5c7d0f0	15	15	15	True			2	5	bfs	q`?G?C??G??@????_???@?????G?????C??????G??????@????????_???????@?????????G??IG??B??_@??W?@@C???G@?@?AA@???C??_@?OO?@??GO??G?C?_??O?g???@??_G?_???O?_?_??OG?@???A??Q????GAO????@?C?O???@G_??????_G_?????_AO????
f715c6e56470059adf797e750fc7b6a0f7ddf64c36ec804b6ab58fb7dba35b36	15	15	15	True			2	5	sa	q`?G?C??G??@????_???@?????G?????C??????G??????@????????_???????@?????????G??GAG?A@O??CC?G?@A@??A??K??GO?A?@C?_??@_?O??A?GA???_C?@??W??A??@?_?A??D???_??C??@@???G?P????ACG?????C?c?????CC?A????A??Q????AA?@????
fb82d0b522246436f2bb2c38ce12985a165cc440c532fc4e83e466db3050cf4f	15	15	15	True			1	5	sa	q`?G?C??G??@????_???@?????G?????C??????G??????@????????_???????@?????????G??AOO??_g??@O?O?@OG???H?_??G?G?_?W?_??CC??G?A?O?O?AG??A??W?@???AC?C???C??OA??@??OC???GOA????A?_G????D???O???O?@?_???A?@G????AG?C????
fc0c9aba741d3fe49d542c54ea1286deec816f250e3cc068bd958a3a1f69ca56	15	15	15	True			2	5	bfs	q`?G?C??G??@????_???@?????G?????C??????G??????@????????_???????@?????????G??_K??B??_?OAO??P??G?G_@???g??A?C??A@?S???O?K??_??C??G?G?_?_?A??_?GG???OI?????OC?C???A?@O????g?_????@?B?????@A?@????AG?G?????A@O????
fe5f1f4527f48a80e8bac1c40ebcaeba7dd32fa90198d3f11418ba958ccc1385	15	15	15	True			2	5	bfs	q`?G?C??G??@????_???@?????G?????C??????G??????@????????_???????@?????????G??G_G?Gc???WO???CGA??AC?A??_G?A?@_?O??C???W?AG??O?AD?????O??AC?A??C?G?C??@?G?@?A?@???_A?A???A@?O????OO?G????C@A??????G`??????AGA????
ff7e451c5066f911029e88ba8809c32988cdaf4d6090a2dca4725098caeb3830	15	15	15	True			1	5	sa	q`?G?C??G??@????_???@?????G?????C??????G??????@????????_???????@?????????G?A@@??IC???OD???CAC??_?_?_AG?@??P_????W???_?O?A??_CG???O?GO??O??I??@???O??CO??@GA?????gG?????A@C?????C?H?????O@?_????G`??????GGC????
0acd9ca85caa273b1fe94c3748327d8dc59cf127ed31c34176560eaf69092648	15	15	15	False	R5+R7		2	5	gluing	q`?G?C??G??@????_???@?????G?????C??????G??????@????????_???????@?????????G???g_??H?_?@P???@?__?A_@???G??D?@?g???C?W???A_A???AO??A??OA?_??A?C?@??COO????@???GG??_??W????_@?G???C_O?????C@?@????G?A@?????_O_????
3cf80f9ce9c17f7411121012a347e97f82dd7db758980372676ac63f15d3e64a	15	15	15	False	R2+R6		1	5	gluing	q`?G?C??G??@????_???@?????G?????C??????G??????@????????_???????@?????????G??Ao???c?O?C?AO?O@G??A_?G?A?K???D?_???O???S?G?G?C?D?G????a???O??cG?????OO?C???C?g????AOG?????G?@@???@??_O????S?C?????AW???????a@????
4b7d30f9780a6604b89896c55ab958e20140a779282401d422b8031938465fe1	15	15	15	False	R4+R6		2	5	gluing	q`?G?C??G??@????_???@?????G?????C??????G??????@????????_???????@?????????G???h????c_??@@O???QG???GI????cO???EG????C_@??BG????AI?????S_????Cg?????k?????BC?????@G???G??e??????D????O???Co???????I?@?????Ga?????
546b3613729a0b5407830a0296a0dd289e4cf6bb6848558720a1a3d6fd77abef	15	15	15	False	R1+R6		2	5	gluing	q`?G?C??G??@????_???@?????G?????C??????G??????@????????_???????@?????????G?IA???GCA?@?_?C@??C_?G?@@?AA?_??E??A??O?C?O?GG??@?C?Q????_?_?A??_O??O?@O??@???COC????A?`?????G@@????@??O_????Q??_????AD??????AG_????
76afef5984e71e1715093bdc213c45466a74f571d452fa941bfede346cc76ea3	15	15	15	False	R2+R7		2	5	gluing	q`?G?C??G??@????_???@?????G?????C??????G??????@????????_???????@?????????G???I_???c_??@O_???QO???GH????cO???EG????C_@??Go????Ga????CA_???@C_????B?O????C`?????A_???G??AOO?????S???O???Q_???????I?@?????Ga?????
78136bebfff3461e986a4f159a9754bb636307a6402d73d101f6fda179f6f1dd	15	15	15	False	R1+R7		4	5	gluing	q`?G?C??G??@????_???@?????G?????C??????G??????@????????_???????@?????????G??Ac???GG_??QG??@?O@?A?o???GCO??@?O?A?@C??@?AO??A?A_??@??W??@??A??C?_?CC?O???@?@?O???GD?????AE??????@O?A????C?CO?????_CO?????_GA????
8f82aae1e37f5207e15ac2baca5dcbd02f8275b35b6cae79c406c74d53c090f9	15	15	15	False	R4+R7		4	5	gluing	q`?G?C??G??@????_???@?????G?????C??????G??????@????????_???????@?????????G???I_???c_??@O_???QO???GH????cO???EG????C_@??BG????AI?????S_????Cg?????k?????BC?????@G???G??e??????D????O???Co???????I?@?????Ga?????
af53d15c88a329a9fc409842822c7d6457dd2000cfddad3e6ef8a7039e53d586	15	15	15	False	R0+R7		16	5	gluing	q`?G?C??G??@????_???@?????G?????C??????G??????@????????_???????@?????????G???I_???c_??@O_???QO???GH????cO???EG????C_@??Gg????GK????@_O????OW????B?_????A@O????AO_?????g???A???QC?????@O??@?????I?@?????Ga?????
bf0944dd45880b7ec3e88bac79bdf3a0f4e03a78c53d2164a23ece63d72e9448	15	15	15	False	R5+R6		1	5	gluing	q`?G?C??G??@????_???@?????G?????C??????G??????@????????_???????@?????????G?I_???K??_?O?@C?S?O??B???G?`??A?C??CA?C??GG?G??__?A??CO??_?@?_?A??I???@GA????@?C?@???GGO????A?GC????C?AO????S??G?????GGA?????A@_????
cf163c1d3911a8b68e31d3042568e6ad36fed183e73ee7374fb86cc30acfe6b5	15	15	15	False	R0+R6		8	5	gluing	q`?G?C??G??@????_???@?????G?????C??????G??????@????????_???????@?????????G???h????c_??@@O???QG???GI????cO???EG????C_@??Gg????GK????@_O????OW????B?_????A@O????AO_?????g???A???QC?????@O??@?????I?@?????Ga?????
019b37b50d6336c3e14c71b1b4d766c668e62032b72cab18a7277ed8185bd4ba	14	16	15	False	R3+R3	R3+R3	32	5	gluing	q`?G?C??G??@????_???@?????G?????C??????G??????@????????_???????@?????????G???a_??AH???@`???@?c???oC???A@C??PO???@C_????o_????_Q????WA????@?a????C`?????D????O??HO?????A_??A????@GO?????D??_?????d???????g@????
00f09cd2f9f7b972c22f2693619fcd647718e3aaa14799777a0a30371d7cad2e	14	15	15	True			1	5	sa	q`?G?C??G??@????_???@?????G?????C??????G??????@????????_???????@?????????G???IG??_GO??PG??@OC???_D???A??O_?QO???@?@?G?AGO????oG????P???C?@??G?_?C@?@???C?C?_???g?C????G?A?C???D??C????P?O??????GOA?????GAO????
0806a7a57e3c4c95e172e80b60d4012b931e184c44418d404c0d889f5d5c5d48	14	15	15	True			2	5	bfs	q`?G?C??G??@????_???@?????G?????C??????G??????@????????_???????@?????????G???Go?BO???C?CC?@P???A??c??g?C??C?AO??P?C???I??O??CC?_???_??_O??_O?O??@@??A???O_@????G_?A????aG??????OI??????O@A?????_?I??????AH????
081f6b8153bbd67248855032bb554a7012effb3f79650be4a7f668234685585a	14	15	15	True			1	5	sa	q`?G?C??G??@????_???@?????G?????C??????G??????@????????_???????@?????????G??GI???d???@OO??@G?A??GC?G?AP????Q??G?@?_C??AG?G??A?a????P_????AO???O?CC??@??@??A?G??_??_G??A??@_???O?GO????C@?G????G?A_????AG?C????
0c45342abd73f31fd12837b9977c0edc72838778fdf590ed97ba12f943377ec1	14	15	15	True			2	5	sa	q`?G?C??G??@????_???@?????G?????C??????G??????@????????_???????@?????????G??GI???Go??@@_??@?@_??_OA??G@A???O?g??@?C?G?A?A?A??g@????OC?A??@?_??G?CCA????C?CA????_c?????GA??@???O@??_??@???C_???___?????A??a????
0d5020185ffb0668b87ded4394c9f6cbcdb71f8a3aa625d448143a73798299bd	14	15	15	True			2	5	bfs	q`?G?C??G??@????_???@?????G?????C??????G??????@????????_???????@?????????G??_OO?A?A_?@?Q??@?CG??g?A??A?CO??OG?A?@O?@???o?G??A_???G?W?@???A??C?C?C_?O???@??OO???G_@????AA??G???COC?????C?S??????c@??????g?C????
15b99a8e82625b542614067fe00e74dd2c69a4b279a5ef5a7a2d27dbb2b7b0de	14	15	15	True			2	5	bfs	q`?G?C??G??@????_???@?????G?????C??????G??????@????????_???????@?????????G??B?_?A?o?@S????QC???G??g?AOA???CAG???O??OG?G?GO??C???B??`??G???_O??G?@???CG??O??A_??G_?A????`G?????@?G?O????O_?_????aA??????A`?????
16a5b653ad1ad62420bf749f4597d3b5a697b77c9ba1e39239b5bf3fd69a7e2c	14	15	15	True			1	5	bfs	q`?G?C??G??@????_???@?????G?????C??????G??????@????????_???????@?????????G?A_A??`??_@??_C@??CA?_??_GA_?C??O?@_??W??O??OAO???C@?G???G@??_??H???G??S?A????CGC?????_G?O???AO@?????O?S?????R???????G@G??????AW????
18bbf12f32bcaa8c2df8ffccb7c5957ed9af664a03aab320387198d73d91a3c9	14	15	15	True			2	5	bfs	q`?G?C??G??@????_???@?????G?????C??????G??????@????????_???????@?????????G??_K??B??_?OAO??P??G?G_@???g??A?S???@?W?@???O??_?_C_??O??G?AA???G?O?G??OH?????C?A_???A_A?????G?W?????Q?@????@O?O?????_?Q?????A@O????
1ee3a4f0ac42de4bf4eae6375622f535a02a8f40f60264e124c31a6bb4054c80	14	15	15	True			8	5	bfs	q`?G?C??G??@????_???@?????G?????C??????G??????@????????_???????@?????????G??GAG?A@O??CC?G?O?@_?AGO???a?O??@_?O??C?OC??A?O?C?A??_G??W??A??A_??O??C??@@???O`?????G_@?????_C?C???@@C?????@??H????AA?@?????_?c????
24139ffe91f70b92ffe02839542679e5088a5c1de254e1e703ab1037a484628d	14	15	15	True			2	5	bfs	q`?G?C??G??@????_???@?????G?????C??????G??????@????????_???????@?????????G??Ao??AO?O?CA@??CC?G??`G???K??G?C@??_?CO??C?G?G??_AGC????`?G???A_?O???@??G?_??OC??O??G?G?C???_?P????C?@O????C??S????A?c?????A?H?????
27f80a30603ec8cd78d830b6dab109a15d9733f2c601bbc8a933370b53c0ee0a	14	15	15	True			2	5	sa	q`?G?C??G??@????_???@?????G?????C??????G??????@????????_???????@?????????G??B?_?A?o?@S????QC???G??g?AOA???CAG???O??OG?GC?O??C???B??`??G???_O??G?@??C?G??O??A_??G@?A????`G?????@?G?O????O_?_????aA??????A@_????
28fcbc3691db0e386a39d2eb83526cb22fe1641ce1cd9307b0db31ce0b42bbe8	14	15	15	True			2	5	bfs	q`?G?C??G??@????_???@?????G?????C??????G??????@????????_???????@?????????G??B?_?A?Q?@S????QC???G??__AOA???CAG???O??OG?GC?O??C???`??`??G???_O??G?@??C?G??O??I???G@?A????`G?????@?G?O????O_?_????aA??????A@_????
2acf5dc4d2b736c9a625944f23f57cc554f27925a56f557723f075b59127aaef	14	15	15	True			1	5	sa	q`?G?C??G??@????_???@?????G?????C??????G??????@????????_???????@?????????G???Go???J???CGG??C?g??c_???A?OG??P?C??@_O????_S????a?A???S??G??@_C????C?A@???CO@?????_G@????A_?C????@?G?G???C@@?????A?__?????A?D????
2b1e37b808d1579eabdd86e4bba77ad8a52055a23a0257ec6f2a83a21cf5238a	14	15	15	True			1	5	bfs	q`?G?C??G??@????_???@?????G?????C??????G??????@????????_???????@?????????G???IG??_GO??PG??@OC???_C?_?A??O_?QO???@?@?G?AGO????oG????OG??C?@??G?_?CG?@???C?C?_???g?C????G?AG????D??C????P?O??????GOA?????GAO????
2da62296d86def1a45503b497cef9f632934466753900f483e0f2e302b1a64a6	14	15	15	True			2	5	bfs	q`?G?C??G??@????_???@?????G?????C??????G??????@????????_???????@?????????G???Go?BO???C?CC?@P???G??c??g?C??C?AO??O?CG??I??O??CC?_???_??_O??_O?O??@@??A???Q_?????G_?A????aG??????OI??????O@A?????_?I??????AH????
314036b01093e53fa127ed90f9f6f1982b38b0d18f0a0118339053c50f5b768c	14	15	15	True			4	5	bfs	q`?G?C??G??@????_???@?????G?????C??????G??????@????????_???????@?????????G??Ao??Aa???O?@C?C??I?A@@???o_???@AA???C?O_??A?O@??BA?????Q?A???A???_O?C???CG?@??C?_??GCC?????a@?????@??B????C??P?????c@??????GD?????
35ee68dd7e4c5368dbaa72b6aa21d539cfafaa27162fd14f58927eed554707bf	14	15	15	True			1	5	sa	q`?G?C??G??@????_???@?????G?????C??????G??????@????????_???????@?????????G??_GO?I?_??OOG??C??`?AQ????_?_C?CO_???E@????G_??A?A??O@??_?_C??A???`??@O?G???@??O?_??A?@@????a?_????@??GG???C?@O?????GOA?????Gg?????
42191a3da9b80b236593a2276878f83370c68b8ec052e54de6ead14844d1894a	14	15	15	True			1	5	bfs	q`?G?C??G??@????_???@?????G?????C??????G??????@????????_???????@?????????G???cG??BC??@?G_?@a????_c???G?S??@???P?C?CO??AG??A?A?`????OG@???A?AC???C?@?G??@G???O??g??@???A??CA???CI??????P??A????G?@G????AAA?????
44ac85d5c30e2df8f344f1ec95318cd9c559841ce82870c9899790915f216213	14	15	15	True			4	5	bfs	q`?G?C??G??@????_???@?????G?????C??????G??????@????????_???????@?????????G??_K??K?@??OAO??O??Q?G_@???g??O?S???@?W?@???O??_?_C_??O??G?AA???G?O?G??OI?????C?A_???A_A?????G?W?????Q??_???@C?C?????g?C?????A@O????
4ebd717b854d5e0f8b9d5b00976e962e7d164f2e3e2bc9e98ad8c7cac2d13298	14	15	15	True			1	5	bfs	q`?G?C??G??@????_???@?????G?????C??????G??????@????????_???????@?????????G??_K??B??_?OAO??P??G?B???_?_?I??@C?G??S???@?K??_??C??G?G?c??A???_?GG???OI?????OC?C???A?@_????g?_?????O_?O???@C?C?????_?Q?????A@O????
50c256e09c40a8b184a4e6a0e61072d0afcc19bc72ca849309201efc24be369b	14	15	15	True			2	5	bfs	q`?G?C??G??@????_???@?????G?????C??????G??????@????????_???????@?????????G??GI???Go??@@_??@?@_?A?O_??G?S??@?C?G?C?C?C?A_C???A?_A???OG??A?AA@????C?C?O??@@G?????_G??C??A?G?C???O??@G???Q?O?????A??a?????a?O????
5d8cc1a4d4dfdc13d703c2596b25f8d7625f5240c780a847e446a5b9d3765843	14	15	15	True			2	5	bfs	q`?G?C??G??@????_???@?????G?????C??????G??????@????????_???????@?????????G??_GO?I?_??OOG??C??`?AQ????_?_C?CO_???P???C?I?_???C?C?_??_??GO??g?C???@??O@???O?O?_??A?@@????a?_????@??GG???C?@O?????GOA?????Gg?????
68101609bb21ebee931edb0c058393176d8db02cde0635bfc1d1482dab6678f5	14	15	15	True			2	5	sa	q`?G?C??G??@????_???@?????G?????C??????G??????@????????_???????@?????????G???Go?BO???C?CC?@P???A_?_??_?AO?@O?G??C?AO??I??O??B??_???__C???A??A@??@@??A???O_@????G_?A????aG??????OI??????O@A?????_?I??????AH????
6ece25d52498d9de27bfbc36e8bf991ce1c55b3d96264cca1d3467e7136e27bf	14	15	15	True			2	5	bfs	q`?G?C??G??@????_???@?????G?????C??????G??????@????????_???????@?????????G?G@?_?G?D??OOC??C?AG?I???OA?O_??C?AG??P???@?H??A??C???AG?_??C_??_@G???@?S?????Q??A???A_A?????_GO????@?a?????@G_??????G`???????AE????
7080fb2cc16cf9fba9324ab7daf34cbf86d2a50a400f98a57c8610e213e7dc40	14	15	15	True			2	5	bfs	q`?G?C??G??@????_???@?????G?????C??????G??????@????????_???????@?????????G??_OO?A?A_?@?Q??@?CG??g?A??A?CO??OGA??@O?@???o?G??A_???G?W?@???A??C?C?C_?O???@??o????G_@????A?_?C???CCC?????C?S?????A?@A????AG?G????
7aea01f037967e6b29a7a6dd841292ab8f7860d26003cc5cc3503a93c007a78a	14	15	15	True			2	5	sa	q`?G?C??G??@????_???@?????G?????C??????G??????@????????_???????@?????????G??_K??B??_?OAO??P??G?G_@???g??A?S???@?W?@???O??_?_C_??O??G?AA???GD?????OC?C???C?A_???A_A?????G?W?????O_?O???@C?C?????_?Q?????A@O????
86d6101e1905c6c8a1f2c22b2882b23c528d39ea982fa1626c4f6e52168b3f28	14	15	15	True			2	5	bfs	q`?G?C??G??@????_???@?????G?????C??????G??????@????????_???????@?????????G??GAG?GG?O?CGC??O?@_?AC??_?a?O??@_?O??C?OC??A?O?C?A?A@???W??A??A_??O??C??@O???O?a????GO_?????_C_????@@??_???C??S????A??Q????AA?@????
890a730c28728630cbc85f66d47bc549f8db0da644e2e6f72bb14be59f75ec70	14	15	15	True			1	5	sa	q`?G?C??G??@????_???@?????G?????C??????G??????@????????_???????@?????????G?AC?_?GGO??CGA?@??G@?__?_?A??C_?OOC???O?GO??OG?G??C?C_???G??@A??cO?????S???_??O??@G??AG?A????G@C????@?OA????@G?C?????g_???????AQ????
8f93459dd51467a9e23932ea6a03f12e9033cd5e1635def989add15c04e41c94	14	15	15	True			2	5	sa	q`?G?C??G??@????_???@?????G?????C??????G??????@????????_???????@?????????G??Ao??G??o?CO?C?CGG??B???GA_??C?CAO???O?@@??G??P??C??GC??_?A_???c@????@?C?@???O__????H???G???_?W????D??A????@O?A?????GCO?????A@_????
94a56746f95447c4684ff3a1f7bc2691fc92343b66d6505d5d7b66bcb30cc88a	14	15	15	True			2	5	sa	q`?G?C??G??@????_???@?????G?????C??????G??????@????????_???????@?????????G???i????c_?C?c??CGO??AO@???_?@?_CCC???C?G_??G_??@?AOA????_@@???A@@????@??a???@??C@???GA??C???a@?????C?O?_???C@?G????G??g?????_AA????
992184fa452fc47e6e4ad443be6b222068c1127b320d92305cd50980f56a1d3a	14	15	15	True			1	5	sa	q`?G?C??G??@????_???@?????G?????C??????G??????@????????_???????@?????????G???cG??BC??@?G_?@a????_c???_??G_C?C?A?CO??C?GAC???A@?G???_?`???A??_C??@A?C???@G???O??G?@O???A??GO???CI??????P??A????G?@G????AAA?????
a91f05d612ed71b5fa4eb732a2df1da5cb3fcd1171a3b00686c1d40f594fb161	14	15	15	True			2	5	sa	q`?G?C??G??@????_???@?????G?????C??????G??????@????????_???????@?????????G??g?G?A?H??C?CO?@?a??AAA???GO?O?CC??O?D???A?GC?_??A?@O???a???A?A??_?C?@G?@???@?C?_???G??`????_?S????C_?C????CB??????A?_C????A?AG????
b0d0ca81c084931eaac0a0b66157aa722ba9411c825cc446900fa673703e51b4	14	15	15	True			2	5	sa	q`?G?C??G??@????_???@?????G?????C??????G??????@????????_???????@?????????G?B?_?A?_G?@?__?@A@???G?Q??A?_?C?CC??C?WC????GC??A?C?GG???_?A?@??__??_??O?AC???O??Q???A@O?????_?H?????OC?G????OAG?????_?a??????aA????
b15427cda843bd531b9b67452be81766b9217580e7136c8a0a122a2059d988a6	14	15	15	True			1	5	bfs	q`?G?C??G??@????_???@?????G?????C??????G??????@????????_???????@?????????G?A_A??B?O??O?CO?O?G@?G??_OA??A?_D??G??O?@_??K??G??C?c????_G@????_C?A???Q???O??S?A????ACA?????GA?C????O_@????@?@O?????a?O?????G@G????
c0974fcc640fb29770d3e27d098085fd80465bd41d4a2aeeed2a1920eeea96c4	14	15	15	True			1	5	bfs	q`?G?C??G??@????_???@?????G?????C??????G??????@????????_???????@?????????G?I?C??_?H?@?O?GCC?A??h????GG_???O_??O?_??OC?O??OG?@G?A???G?G_???G_?C???O??P???C?`?????GC?C???AOC?????CGC?????PA??????G?E?????AG@????
c0ce30bd72215c761a4694b29f3b9d1e04c773f19ff89e0c77fb72621c1bc89f	14	15	15	True			1	5	bfs	q`?G?C??G??@????_???@?????G?????C??????G??????@????????_???????@?????????G??_GO?I?_??OOG??C??`?AQ????_?c??CO_???E@????G???K?AG???_?_?_C??A??G_??@O?G???@??O?_??A?@@????a?_????@??GG???C?@O?????GOA?????G_G????
c2b4fc1aaa28737bd2bfbf57517b0bab53cb1fa235e4065953688995137ae1e6	14	15	15	True			2	5	bfs	q`?G?C??G??@????_???@?????G?????C??????G??????@????????_???????@?????????G??_K??B??_?E??_?C?c??A??AO?a?C??@O??_?S???@?K??_??C??G?G?c??A???_?GG???OI?????OC??_??A?@O????g?_????@?B?????@A?@????AG?G?????A@O????
c9ecaaccfb5f10377de80f1d87500cd13e56c1d524f9968482e0da64e19feb45	14	15	15	True			2	5	bfs	q`?G?C??G??@????_???@?????G?????C??????G??????@????????_???????@?????????G???Go?BO???C?CC?@P???G?_C??g?C??C?AO??S??_??K??A??CA??_??_??_O??__?@???O_@????P??C???AOO?????aG??????OI??????O@A?????_?I??????AH????
ce00b9ba65361fab849284256e2178cc5da5bedcd27a3c4fa89c7996f5ac431f	14	15	15	True			2	5	sa	q`?G?C??G??@????_???@?????G?????C??????G??????@????????_???????@?????????G??_OO?A?A_?@?Q??@?CG??g?A??A?CO??OG?A?@O?@???o?G??A_???G?W?@???A??C?C?C_?O???@??OO???G_@????A?_?C???CCC?????C?S?????AC@?????AG?G????
dbdee3a783c961418afb46e76ffdbbaa83f847f7d25f179b88dc5690dcff45ff	14	15	15	True			2	5	bfs	q`?G?C??G??@????_???@?????G?????C??????G??????@????????_???????@?????????G??B?_?A?o?@S????QC???G??g??_?S??C_C???CAG???G??GC?A??CA??g???@?A?_??_?@?_??O??O??A_??G@?A????`G?????@?G?O????O_?_????aA??????A@_????
dd144a30dd989dd6e02ade4f52b65ffc1497afb21a696d1055ed390dbf2f43e5	14	15	15	True			2	5	bfs	q`?G?C??G??@????_???@?????G?????C??????G??????@????????_???????@?????????G???s???B?_?@?@O?T????AO_???_?A_?C_C???CAG???G??GC?A@?C???_???W?AC??_??@?_??O?@??C?G??G@?A???A?A@????CH??????C?_@?????`?@?????aA?????
dda07ff8243f01f9fc81f3eb6d2d5a5eb91027047a5adafaf033b48bab27e445	14	15	15	True			2	5	bfs	q`?G?C??G??@????_???@?????G?????C??????G??????@????????_???????@?????????G??_OO?A?A_?@?Q??@?CG??g?A??A?CO??OG?A?@O?@???o?G??A_???G?W?@???A??C?C?C_?O???@??OO???G_?_???A?_O????D?C?????@A?_????AG?G?????__C????
df9c19c24a83d207c225be57828b06ff66796487c55c7de9749c3a8752efa06e	14	15	15	True			1	5	bfs	q`?G?C??G??@????_???@?????G?????C??????G??????@????????_???????@?????????G??_GO?A?`??OOG??C??`?AQ????__?A?CO_???E@????G_?_??A??O@??_?_C??A???`??@O?G???@??O?_??A?@@????a?_????@??GG???C?@O?????GOA?????Gg?????
e42113e61234f4c244827f3a795e06ce0d852e69c223cc6450b68f4f73db5f2c	14	15	15	True			2	5	sa	q`?G?C??G??@????_???@?????G?????C??????G??????@????????_???????@?????????G??_A_?H??_?P??C@O?C??G?@O?AA??@?C?_?@?O_?A??G??C_?C??K???_@??G??_@??G?@?C?C???O?A@???H?A?????_?D????@?_C????CD??????A@O?????AA?O????
e4fa3f4cf2cfcad6c31ce4b8f0af495f49d1dd84c45b2d2c6eb179231d19c4c1	14	15	15	True			2	5	bfs	q`?G?C??G??@????_???@?????G?????C??????G??????@????????_???????@?????????G??B@???AS??@??S?O??Q?KG????`@???CC?C??CG?@??GG??O?A?OG???_?O?A?A?AA???@?__???@?@?G???GCC????A_A?????@?__?????OCA?????GAO??????_H????
f6af9a470a1a4850e60f69a83514dc08f72e8361a17be0cdc7c56e959f12c576	14	15	15	True			1	5	bfs	q`?G?C??G??@????_???@?????G?????C??????G??????@????????_???????@?????????G??_GO?I?_??OOG??C??`?AQ????GOO??@?@?G?E@????AP????AG???_?O?A?G?AA??O??C??@A??@O?G????_?G?O???G?@@???@??S?????OGG?????GOA?????Gg?????
fc80988f1642700e7dbc1a2a3657192bcc395ca9b43270ad8b873a601b548576	14	15	15	True			2	5	bfs	q`?G?C??G??@????_???@?????G?????C??????G??????@????????_???????@?????????G??_K??I?@??OAO??OG?C?G_@???g_???S???@?W?@???O??_?_C_??O??G?AA???G@??O??OC?C???C?A_???A_A?????G?W?????O_?O???@C?C?????_?Q?????A@O????
fe1e9948aa0e39b37eb4d8f7970136832dddbc3cc4abe75930ef50b1a3a44f34	14	15	15	True			1	5	bfs	q`?G?C??G??@????_???@?????G?????C??????G??????@????????_???????@?????????G?A_A??A?D??O?CO?O?G@?G??_OA??A?_D??G??O?@_??K??G??C?c????_G@????_C?G???Q???O??S?A????ACA?????GA?C????P?A????@?@O?????e???????G@G????
fe2a0cffb0e611527e15768ff2300effc4ee9ca41583223872bc0bfe849ae361	14	15	15	True			1	5	bfs	q`?G?C??G??@????_???@?????G?????C??????G??????@????????_???????@?????????G?Gc???o?G??O_G??O_?O?GA??_?o?G??C???W?CO??_?H???A?AC???G?_?@C??A???_C?@?A?@??@?C?C???GC@?????G@?A???@?O_????@A@??????G`??????AGA????
feffd878b4992a0712574f86b9f8d4b3a2400f41cd3eb3b821e3c11c586024f7	14	15	15	True			1	5	bfs	q`?G?C??G??@????_???@?????G?????C??????G??????@????????_???????@?????????G?Gc???o_???O_G??O_?O?GA??_A_??C?C???c?OO?A??GO???_C??G_??_??G@??_@??_?@?C?C???OGA????GG?C????_?OO???@?G?O???C@A??????G`??????AGA????
09fafbc5ca1ee6794b4e145dde60243b86d982be53ed7a2386f77573ad784e1b	14	15	15	False	R0+R5		8	5	gluing	q`?G?C??G??@????_???@?????G?????C??????G??????@????????_???????@?????????G???I_???o_???Q_???OW???AK????d????EG????C_@??Gg????GK????@_O????OW????B?_????A@O????AO_?????g???A???QC?????@O??@?????H_??????I?@????
0eb7410ca0da68bba40aa97421f14ffae3f99d2021e9cb2885759080d5205f96	14	15	15	False	R2+R2		2	5	gluing	q`?G?C??G??@????_???@?????G?????C??????G??????@????????_???????@?????????G???b???AG_??CA_??CQ????oC??Go???@CO???CA_???Gc????B?O????cG????A_???G??QA?????S???O??AS???????HA?????@O?G?????QA??????g@??????HO????
418a4ec7e47bc9c46ba0bb900e987fd730ab330931b578446cba40c62d046e67	14	15	15	False	R2+R5		1	5	gluing	q`?G?C??G??@????_???@?????G?????C??????G??????@????????_???????@?????????G???I_???o_???Q_???OW???AK????d????EG????C_@??Go????Ga????CA_???@C_????B?O????C`?????A_???G??AOO?????S???O???Q_???????H_??????I?@????
567e680922dcfc6758d86f983eb68b1cc95b19b4c90bc4e5118c17f50fc9831b	14	15	15	False	R0+R0	R0+R0	128	5	gluing	q`?G?C??G??@????_???@?????G?????C??????G??????@????????_???????@?????????G???a_??AB???@_O??@@_???oG???A@O??PO???@@_????oG????_o????WC????@?g????C`?????D????O??HA?????A_??A????@GO?????D??_?????cG??????g@????
5eb091ad9824c93cb6c76cdd229d3f80aa31e7598082dfbf768aac33a8a1b964	14	15	15	False	R0+R3		32	5	gluing	q`?G?C??G??@????_???@?????G?????C??????G??????@????????_???????@?????????G???a_??AH???@`???@?c???oC???A@C??PO???@@_????oG????_o????WC????@?g????C`?????D????O??HA?????A_??A????@GO?????D??_?????d???????g@????
68133ed2498077071264b6818fab47a2d0d9dd7cc046f66cb81c193c6456c700	14	15	15	False	R3+R5		4	5	gluing	q`?G?C??G??@????_???@?????G?????C??????G??????@????????_???????@?????????G???I_???o_???Q_???OW???AK????d????EG????C_@??Gg????Gc????@`?????OH????B?O????A@C????AO_?????g???A???Q_?????@O??@?????H_??????I?@????
6bf83b7a31f53501af485dd1ccc4a67d2d489d418113fa60210ac126f39ee70c	14	15	15	False	R1+R3		8	5	gluing	q`?G?C??G??@????_???@?????G?????C??????G??????@????????_???????@?????????G???a_??AH???@`???@?c???oC???A@C??PO???@C_???AH????AH?????WA????AO_????D????O??OK?????I???G???cO??????@GO?????D??_?????d???????g@????
6eba9da708c97ed131a222e7b45775ad858513fe7ba16034812f6276d9d429b3	14	15	15	False	R1+R2		2	5	gluing	q`?G?C??G??@????_???@?????G?????C??????G??????@????????_???????@?????????G???b???AG_??CA_??CQ????oC??Gg???@C_???CQ????Gc????B?O????cG????A_???G??OK?????S???O??AP???????HA?????@O?G?????QA??????g@??????HO????
7b8dfcd2d6d7680da82579bd73f3fa9025fee5251151993d1c3e4c8648381c93	14	15	15	False	R1+R1		8	5	gluing	q`?G?C??G??@????_???@?????G?????C??????G??????@????????_???????@?????????G???a_??AH???CQ???CQ????oC??Gg???@C_???CQ????Gc????B?O????cG????A_???G??OK?????S???O??AP???????HA?????@O?G?????OK??????g@??????HC????
7d277b35aebf30eeee8a792b2e5bd2745f9da458e15b25991eef2b11fa1404bf	14	15	15	False	R1+R5		2	5	gluing	q`?G?C??G??@????_???@?????G?????C??????G??????@????????_???????@?????????G?IA???GCA?@?_?C@C??_?G??P?A??a??E??G??O?C?@?GG??@?C?Q????_?c????_O??O?@O??@???C?AA???AGA?????G@@????@??O_????S?@?????AC_?????AH?????
c6392e52efcef0a4c00987b875a9e8723daa95eb34e559d32a085a41ae4bc1c7	14	15	15	False	R0+R2		8	5	gluing	q`?G?C??G??@????_???@?????G?????C??????G??????@????????_???????@?????????G???b???AG_??CA_??CQ????oC??Gg???@@_???@_O???AB????B?_????OI????AO_????D????O??QC?????I???G????HA?????@O?G?????QA??????g@??????HO????
c897eebb2ce7c8f73c0eaf9504f4d7ba24474f0f10903b6ea464f60df5dfb585	14	15	15	False	R0+R1		16	5	gluing	q`?G?C??G??@????_???@?????G?????C??????G??????@????????_???????@?????????G???a_??AH???CQ???CQ????oC??Gg???@@_???@_O???AB????B?_????OI????AO_????D????O??QC?????I???G????HA?????@O?G?????OK??????g@??????HC????
df71575093b20f2e63b64f4b3e2f827116352b8b5c66149b0b40f1c1f44794c7	14	15	15	False	R2+R3		4	5	gluing	q`?G?C??G??@????_???@?????G?????C??????G??????@????????_???????@?????????G???a_??AH???@`???@?c???oC???A@C??P_???@CO???A@O???AH?????WA????AO_????D????O??QA?????I???G???d???????@GO?????D??_?????d???????g@????
f89bf9b838306e5fbca3183b914ccccca92272a4b63248ddb37d6d81164c5335	14	15	15	False	R3+R4		8	5	gluing	q`?G?C??G??@????_???@?????G?????C??????G??????@????????_???????@?????????G???K_???a_???S_???Q_???J????BC????C_@??PO????aO????KG????CAO???@_G????A@C????C`?????A_???G??AS??????S???O????Co??????I?@??????AW????
f95660764f20a95753676a0a0f755136d9742cc20816b718130dbc4b37e98ff0	14	15	15	False	R5+R5		2	5	gluing	q`?G?C??G??@????_???@?????G?????C??????G??????@????????_???????@?????????G???I_???o_???Q_???OW???AK????d????EG????C_@??Ag????BA?????Q_????CE?????Go?????d?????@a??????Q???A??Co??????S???@?????H_??????I?@????
05fc363850564a2ff8930908c326af014bcaa036f9406f9a425c99ffebaf8438	14	14	15	True			4	5	bfs	q`?G?C??G??@????_???@?????G?????C??????G??????@????????_???????@?????????G??GI???Go??@@_??@?@_??_OA??GOG???O?g??@?C?G?A?A?A??g@????OC?A??@?_??G?CCC????C??O_???_c?????GA??@???O@??_??@???C_???_O_?????A??a????
09f5e716374db98f4c109fa30ee6336e5843248950832fa6a2c783394c6e79cc	14	14	15	True			2	5	bfs	q`?G?C??G??@????_???@?????G?????C??????G??????@????????_???????@?????????G??B?_?A?B??@?W??T????AO_???_?A_?C_C???CAG???G??GO?A@?C???`??G??AG??A??@?_??O?@??C?G??G??@O???`G?????@?G?O????O_?_????aA??????A@G????
0c70408f1958120e7fe9b1235e5a08850be23b4214454d6be5c6db03958704be	14	14	15	True			4	5	bfs	q`?G?C??G??@????_???@?????G?????C??????G??????@????????_???????@?????????G??H?O?a?A?@_O???Q?A??G??G_B???A?CA??G?O?O?_?G?o???C?G?C??_C_????c???_?@O??G???C?AO???A?Q?????G?OO????@G?G????DC??????AC@??????cA????
18c9b46227aae79fd0a7492df121e95aa23f2544991c4fb2ce01f72ada617615	14	14	15	True			8	5	bfs	q`?G?C??G??@????_???@?????G?????C??????G??????@????????_???????@?????????G???o_??Ag???O_O??OW???_?AG?A??D?@`????@AA???A?GO???a@????WO????@G?G???D??C???C?D?????GCC?????a@?????@??B????C??P?????c@???????A`????
2ec2ab3552c020601da67d15210b0b86bd94448ecc31db6ae0c58dbbeef84e73	14	14	15	True			1	5	sa	q`?G?C??G??@????_???@?????G?????C??????G??????@????????_???????@?????????G???c_?AG?G?S?G??E?_??AC@???GCA??@???Q?@?A?@?A?_O???`O????O??OG?@?A??O?C??a???CC@?????_?OC???GG?A????O?GA???@?H??????_?@G??????Ga????
2f3a569bafb9a1f13b0a5134238badb4a6789727add788b4a5b461fddfe16a66	14	14	15	True			8	5	bfs	q`?G?C??G??@????_???@?????G?????C??????G??????@????????_???????@?????????G??GAG?A@O??CC?G?@A@??A??K??GOG??@C?_??@GC???A?GA???_C?@??W??A??@A??A??D???_??C??@@???G?O?O??ACG?????C?A?_???CCO?????A??Q????AA?@????
332ebadc290e10a185547d62ee3dcd2121253b41122826d449587c9bad615f4f	14	14	15	True			1	5	sa	q`?G?C??G??@????_???@?????G?????C??????G??????@????????_???????@?????????G?AC?_?gA???QC???OP???G??@GA???D?O?CO??O?A_??OG@???C_???_?H_?????g???G??S???G??@G?O????aO?????A?C_????O@O?????C?o?????GCO??????HO????
3b7ae4ae0bfd2ce8629ac8450d2d42d3e6ad6047154a2a4995b702b397598263	14	14	15	True			8	5	bfs	q`?G?C??G??@????_???@?????G?????C??????G??????@????????_???????@?????????G???o_??`?_?@A_??C??P??_?@O?o_???@AA???CO?O??A?S???BA?????Q?A???A?@@???D?@?????OGG????AGC?????G??W???@??CO????Q?_??????d???????A`????
44cdb5fecce4413b2a0d9083d548553f162bf76dac01a0c0856b8c251982131d	14	14	15	True			1	5	sa	q`?G?C??G??@????_???@?????G?????C??????G??????@????????_???????@?????????G?A?GG?GGA??SG???OG?_?I?_???`O???C?OO??S??_??K???C?C???`??_?CG???_???W??O?AO???OC?G???AOC?????g??_???@?OA????@CC???????cA??????AD????
55a78969390955db4da46255e9a475f65c302241ef9a2ae92c7158ea42abd955	14	14	15	True			1	5	sa	q`?G?C??G??@????_???@?????G?????C??????G??????@????????_???????@?????????G?A_A??_?G_@??_C@??CA?_??_GA_?C??O?@_??W??O??OAO???C@?G???G@??_??H???G??S?A????CGC?????_G?O???AO?G????O?S?????R???????G@G?????GAO????
582ec265a946b845b643a8ba7d01acfa1ec27a257ea40ce0fd4ad8963081b0f9	14	14	15	True			4	5	bfs	q`?G?C??G??@????_???@?????G?????C??????G??????@????????_???????@?????????G??Ao??Aa???O?@C?C??I?KG????`@???C?O_??C?_A??KG????A?@??_?_O?_??A???_O?@O?O????OGG????AGC?????G??W???@??CO????Q?_?????GD???????G`????
5e4b91a3600f189d4b24338461ed0d58b1743994125fc8f11884d8feb2120c73	14	14	15	True			2	5	bfs	q`?G?C??G??@????_???@?????G?????C??????G??????@????????_???????@?????????G?AC?_?gA???QC???OP???G??@GB????_C???I?O?CO??G?@O??CA?O???__??C??c???G?@S??????@G?O????aO?????A?C_????O@O?????C?o?????GCO??????HO????
5e5bc0fde72ec40d96ac49b46af2124f28d4bcec9ced590140f57b9d7dcd5717	14	14	15	True			2	5	bfs	q`?G?C??G??@????_???@?????G?????C??????G??????@????????_???????@?????????G??_K??_C_??O?_O?OW???GG?@??g??A?S???@?W?@???O??_?_C_??O??G?AA???GD?????OC?C???C?A_???A_A?????G?W?????O_?O???@C?C?????_?Q?????A@O????
5ee9e9bc8872a4a9a92cfa36223b9433729c0f215f9c38618ef3da1047cfd6fd	14	14	15	True			4	5	sa	q`?G?C??G??@????_???@?????G?????C??????G??????@????????_???????@?????????G??Ao??Aa???O?@C?C??I?A@??_?o_???@AA???C?O_??A?O@??BA?????Q?A???A_?A???C??@?_??OGG????AGC?????G??W???@??CO????Q?_?????GD???????G`????
633b32824604d66feb42572cac8d403d5e8f2f9e814fcaeb2c465b75e8d92287	14	14	15	True			4	5	bfs	q`?G?C??G??@????_???@?????G?????C??????G??????@????????_???????@?????????G??GAG?A@O??CC?G?@A@??A??K??GO?A?@C?_??@_?O??A?GA???_C?@??O?C?_?@_??G??D???_??C??@@???GO_????AG?O????C?_?_???CCO?????A??Q????AA?@????
64e0d133ceba9ca67c2115b441fbcef6652d4ec9748cf86c68fcb3ebf1b2bf2b	14	14	15	True			2	5	bfs	q`?G?C??G??@????_???@?????G?????C??????G??????@????????_???????@?????????G??GAG?A@@??CC?G?@A@??A??K??G?@A?@C?_??@_?O??A?GA???_C?@??W??A??@?_?A??D???_??C?C@????G?P????ACG?????C?c?????CC?A????A??Q????AA?@????
689841fd84e3fba0538a5ffcd2d90da9d3d97193d7fb9f3e02777879f228e096	14	14	15	True			1	5	bfs	q`?G?C??G??@????_???@?????G?????C??????G??????@????????_???????@?????????G???Go???J???CGG??C?g??c_???A?OG??P?C??@_O????_S????a?A???S??G??@_@????C?G@???C?OA????g?_????A_?C????@?G?G???C@@?????A?__?????A?D????
68ec691dda2b8ed40ffc5798b258c72f5dc827af77ad13a21fa2e0558500fd8c	14	14	15	True			2	5	bfs	q`?G?C??G??@????_???@?????G?????C??????G??????@????????_???????@?????????G??B?_Ag???@GO??@??D??GA?O?AOA???CAG???O??OG?GC?O??C???B??_??H???_O??G?@??C?G??O??A_??G@?A????`G?????@?G?O????O_?_????aA??????AC_????
69cfab8069d0a1b0c9832dea1689fba94c019318bbf2684cebe89c695a3be92a	14	14	15	True			1	5	sa	q`?G?C??G??@????_???@?????G?????C??????G??????@????????_???????@?????????G?G_A??K?C??OC?C?CAA??A??H??GG?O?@??CG?@?O?C?A@A????_C??O?Q??_??@A?@???C??B???CO??_???__?G???GA@?????C?D?????CC??_????G?Q?????A@C????
6c2f9f18ea7abcd835d8da49c36c237fbad60a30c34c26a9d9d1695b3cf70a3f	14	14	15	True			4	5	bfs	q`?G?C??G??@????_???@?????G?????C??????G??????@????????_???????@?????????G???Go?BO???C?CC?@P???A_?_??c?A??@??G_?C?AO??I??O??B??_???__C???A??A@??@A??A???O_@????G_?A????aG??????OI??????O@A?????_?I??????AH????
7d3c59fde1a14ca551ca8806d62177443c8d23b74a9956511f5d3b6e54d29aff	14	14	15	True			2	5	bfs	q`?G?C??G??@????_???@?????G?????C??????G??????@????????_???????@?????????G?A_A??_?G_@??OC@??CA?g?@??AO?G??O?@_??W??O??OAO???C@?G???G@??_??H???G??O?@?G??CGC?????_G?O???AO?G????O?S?????R???????G@G?????GAO????
a9a08bb54ec9f6127f2bb9900100c9b3be6040fdeac9dfc72a75aa33d75243f1	14	14	15	True			4	5	bfs	q`?G?C??G??@????_???@?????G?????C??????G??????@????????_???????@?????????G?_?AG?_?@O@?_?O@`????GOO??A?GO??C?_A??OO?O??H?@???C??A_??_??GC??_@O???@??CO???OGG????AGC?????G??W???@??CO????Q?_?????GD???????G`????
ab45f63958aaf4b10fd44430c0ce818a9d35ee0eee4f36b8dca35d27378d755a	14	14	15	True			4	5	sa	q`?G?C??G??@????_???@?????G?????C??????G??????@????????_???????@?????????G??A`???K@???S?O??E_???_?AG?GCA??@???Q?@O??_?BA?????`?@???OA?@??@?A?G??C?A?G??CCC?????g???G??G??G@???CG?C????Cc??????AOA??????AOC????
ac7a1b8ab23939c1e57c1c41d123b924703e635275af1cc462c0d49bd921bf3f	14	14	15	True			8	5	bfs	q`?G?C??G??@????_???@?????G?????C??????G??????@????????_???????@?????????G?Aa???B?O??O?@C?C??I?KG????`@???CO??C?C??c??KG????AO?O???g??_??A???_O??OGG????COG?????_?@_???G??a????C?o?????Q?_?????GP???????G`????
c7b0098c5e89dc8784c432181bf69feecc6c15761ce61ee24cbaae0b141c75da	14	14	15	True			4	5	bfs	q`?G?C??G??@????_???@?????G?????C??????G??????@????????_???????@?????????G??H?O?I?C??P?@??WC???G??G_B???A?CA??G?O@_???GA?@??CAC????__?O???c???_?@O??G???C?c?????_@@????A?A_????@G?G????DC??????AC@??????cA????
ca2ef0b198bd9a36b4308ebde99048b263974caf89cda5906b3d91abde261410	14	14	15	True			3	5	bfs	q`?G?C??G??@????_???@?????G?????C??????G??????@????????_???????@?????????G?Gc???`?O?@A?@?@?O?C?K_???A???K?CO??_?O_??@?G??@A?C??G_??_??G@??_@??_?@?C?C???OGA????GGO?????G@?A???@?O_????@?G_?????G`??????AGA????
d5d1b76c2c962a635c2e8080e7a2929935093723c8638cfb9b6d1bb8d53fb3bd	14	14	15	True			4	5	sa	q`?G?C??G??@????_???@?????G?????C??????G??????@????????_???????@?????????G??H?O?a?A??Q?G??WC???G??G_B???A?CA??G?O?O?_?G?o???CAG????__?O???c???_?@O??G???C?c?????_@@????A?A_????@G?G????DC??????AC@??????cA????
ead33d69b5e54d15d1966fbc49395a6c3e843c71651593f89d21791a4baac229	14	14	15	True			2	5	sa	q`?G?C??G??@????_???@?????G?????C??????G??????@????????_???????@?????????G???gO?AGC??W_???T????AO_???_G?G?@???H?C_C???AC?O??B??C???Q??O??A??C?C?CO??A??@??OC???AC_?????GAO?????C?G_????OB???????IC??????GI????
eb315ad4ed3d36a7e82b79c2652383b342ee372fe3b5d32609f2a888228d6011	14	14	15	True			4	5	bfs	q`?G?C??G??@????_???@?????G?????C??????G??????@????????_???????@?????????G???IG??_K??@_?O?C?c??AG?@??a?C??@O??C?S???@?K??_??C??GO??c?A????_?GG???OI?????OC?C???A?@O????g?_????@?B?????@A?@????AG?G?????_?Q????
f64ab6981cd359f39ffc2f7d01a1c6df809fba8d4af1001416b00e765b7f80cd	14	14	15	True			4	5	bfs	q`?G?C??G??@????_???@?????G?????C??????G??????@????????_???????@?????????G???gO???p??@CA??EG???Ag????HA???@?O?O?@?_?@?AOA????`?C???W??_??@G?@???C??G?G?CO??A???_?GA????`G?????@?Q??????O@A??????HC??????GI????
f683115342e9934fea50902a14d9dc03620c8605aa2b3c50593437e0c734c469	14	14	15	True			24	5	bfs	q`?G?C??G??@????_???@?????G?????C??????G??????@????????_???????@?????????G?_?AG?_?@O@?_?O@`????GOO??A?GO??C?_A??OO?O??H?@???C??A_??_??GC??_?OG??@?A?G???OGG????AGC?????G??W???@??CO????Q?_?????Gc???????G`????
f8e67cd32aca3db585c353fb73707060293f196ea84045aee3cb1b4383f84f21	14	14	15	True			2	5	bfs	q`?G?C??G??@????_???@?????G?????C??????G??????@????????_???????@?????????G???c_??_OO?@?@O?@?CG??i????A?CO??OG?A?@O?@???o?G??A_???G?W?@???A??C?C?C_?O???@??OO???G_@????A?_?O???CCC?????C?S?????AC@?????AG?G????
fafc1d31db0a1fdec35c21a780fa63979f05b1b69c11de7e2bd2ddb6e7320332	14	14	15	True			2	5	bfs	q`?G?C??G??@????_???@?????G?????C??????G??????@????????_???????@?????????G???gO?AGC??W_???T????AO_???_G?G?@???H?C_C???AC?O??BO?????OG?O??A??C?C?CO??A??@??S????AC_??????_@C????C?o?????@GO??????IC??????GI????
fdc12b644b1143f7822a532db294b582e705de72098e6c7c4e1de01418c0ce3c	14	14	15	True			4	5	bfs	q`?G?C??G??@????_???@?????G?????C??????G??????@????????_???????@?????????G?Aa???_?AG?O??g@`????GOO??A?GO??CO??C?WO????H?@???D??C???_??GC??GCC????COG????@??B????_?AG????_E?????C_G?????CA_?????GQ???????G`????
1488687f0be03f26a8c49eefa00aef3b833a1c6ff51b7dd23d179850d2003d75	14	14	15	False	R0+R4		16	5	gluing	q`?G?C??G??@????_???@?????G?????C??????G??????@????????_???????@?????????G???K_???a_???S_???Q_???J????BC????C_@??PO????_o????KA????CE????@_O????A@O????C`?????A_???G??AO_?????S???O????Co??????I?@??????AW????
23113abb3c31feb3967e29510ef84c0f4cd01ce678c72ed22d734454f3df99f0	14	14	15	False	R2+R4		2	5	gluing	q`?G?C??G??@????_???@?????G?????C??????G??????@????????_???????@?????????G???K_???a_???S_???Q_???J????BC????C_@??P_????aG????_S????PG????@_G????C`?????D????O??H@?????A_??A???Cg???????Co??????I?@??????AW????
4c31269d206d3959a4e05b0d84e0ff66c331bb89cfe72beac160da39067e6f82	14	14	15	False	R4+R4		8	5	gluing	q`?G?C??G??@????_???@?????G?????C??????G??????@????????_???????@?????????G???o_??`?_?O?@C?C??I?KG????`@???C?O_??CO?O??KG????AO?O???_?OO??A_?A????OGG????COG?????_?@_???G??a????C_G?????SC??????GD???????A`????
74dcead17c61d74a2c5025aceb2d00a6978620ded9b289eb4d7f0ad637dc4b0c	14	14	15	False	R1+R4		4	5	gluing	q`?G?C??G??@????_???@?????G?????C??????G??????@????????_???????@?????????G??oA??K??O?O_?_?S?C??A?@?_?_??g?@?@A??C??__?I??G??AO?G???_?CO??AG?A???@???K??@??OO???A@??G???`??@???@@?_????C?CC????AO?@????A_?C????
c26cca76b9f021b7ff331d55d19b89d9d068c8603c31d135e895120908b2f5d4	14	14	15	False	R4+R5		2	5	gluing	q`?G?C??G??@????_???@?????G?????C??????G??????@????????_???????@?????????G???I_???o_???Q_???OW???AK????d????EG????C_@??BG????AI?????S_????Cg?????k?????BC?????@G???G??e??????D????O???Co???????H_??????I?@????
